ID,Age,Gender,Screen Time (min/day),Game as Hobby,Gaming Dedicated Platform,Money Spent ($),Gamer Type
1141,35,Male,559.0,Yes,Yes,348.0,Hardcore
170,41,Male,31.0,No,No,9.0,Casual
188,40,Male,133.0,Yes,No,74.0,Casual
159,30,Male,220.0,Yes,Yes,452.0,Hardcore
1389,30,Male,445.0,Yes,Yes,159.0,Hardcore
1150,26,Female,376.0,Yes,Yes,472.0,Hardcore
727,35,Male,309.0,Yes,Yes,281.0,Hardcore
1407,25,Male,432.0,Yes,Yes,162.0,Hardcore
89,16,Male,587.0,Yes,Yes,316.0,Hardcore
1898,40,Female,136.0,No,No,134.0,Casual
797,25,Female,73.0,No,No,97.0,Casual
989,19,Female,122.0,No,No,35.0,Casual
54,18,Male,336.0,Yes,Yes,328.0,Hardcore
953,16,Male,122.0,No,No,32.0,Casual
1158,43,Female,112.0,Yes,No,81.0,Casual
485,36,Female,56.0,No,No,34.0,Casual
1641,32,Female,62.0,No,No,34.0,Casual
398,17,Female,78.0,No,Yes,28.0,Casual
545,25,Male,45.0,No,Yes,87.0,Casual
209,41,Male,114.0,No,No,65.0,Casual
996,29,Female,416.0,Yes,Yes,254.0,Hardcore
827,15,Male,77.0,No,No,51.0,Casual
521,30,Male,366.0,Yes,Yes,495.0,Hardcore
778,18,Female,497.0,Yes,Yes,286.0,Hardcore
1250,16,Male,382.0,Yes,Yes,334.0,Hardcore
1382,21,Male,108.0,No,No,18.0,Casual
1896,29,Male,78.0,No,No,145.0,Casual
322,18,Female,126.0,No,No,46.0,Casual
1058,20,Female,249.0,Yes,Yes,299.0,Hardcore
124,42,Female,50.0,No,No,23.0,Casual
371,35,Male,366.0,Yes,Yes,453.0,Hardcore
983,30,Female,333.0,Yes,Yes,434.0,Hardcore
1911,40,Female,128.0,No,No,146.0,Casual
1524,31,Female,259.0,Yes,Yes,423.0,Hardcore
801,26,Male,84.0,No,No,99.0,Casual
932,18,Female,448.0,Yes,Yes,471.0,Hardcore
1006,18,Female,455.0,Yes,Yes,266.0,Hardcore
1651,41,Male,148.0,Yes,No,67.0,Casual
1801,33,Male,227.0,Yes,Yes,107.0,Hardcore
1538,31,Female,408.0,Yes,Yes,466.0,Hardcore
1772,35,Female,458.0,Yes,Yes,246.0,Hardcore
1198,39,Female,60.0,No,Yes,16.0,Casual
1078,19,Female,481.0,Yes,Yes,363.0,Hardcore
308,25,Male,68.0,No,No,60.0,Casual
1070,30,Male,221.0,Yes,Yes,448.0,Hardcore
1313,30,Female,211.0,Yes,Yes,255.0,Hardcore
1442,27,Female,78.0,No,No,49.0,Casual
523,37,Male,89.0,No,Yes,1.0,Casual
1031,17,Male,383.0,Yes,Yes,178.0,Hardcore
1672,18,Female,324.0,Yes,Yes,182.0,Hardcore
1043,35,Female,225.0,Yes,Yes,193.0,Hardcore
505,32,Female,102.0,No,No,62.0,Casual
1539,39,Female,129.0,No,No,95.0,Casual
1617,36,Female,310.0,Yes,Yes,128.0,Hardcore
1036,31,Female,60.0,No,Yes,81.0,Casual
1573,15,Female,208.0,Yes,Yes,171.0,Hardcore
1445,28,Male,357.0,Yes,Yes,442.0,Hardcore
582,35,Female,58.0,No,No,59.0,Casual
319,29,Male,346.0,Yes,Yes,396.0,Hardcore
1671,30,Female,163.0,Yes,No,84.0,Casual
943,27,Male,492.0,Yes,Yes,330.0,Hardcore
315,20,Male,114.0,No,No,17.0,Casual
211,24,Male,320.0,Yes,Yes,322.0,Hardcore
1652,43,Female,226.0,Yes,Yes,361.0,Hardcore
171,20,Male,566.0,Yes,Yes,260.0,Hardcore
1253,23,Male,500.0,Yes,Yes,171.0,Hardcore
1693,42,Male,145.0,No,No,28.0,Casual
119,35,Male,140.0,No,Yes,47.0,Casual
660,20,Female,264.0,Yes,Yes,214.0,Hardcore
1153,18,Female,100.0,No,No,57.0,Casual
1982,43,Female,439.0,Yes,No,256.0,Hardcore
195,32,Male,473.0,Yes,Yes,211.0,Hardcore
1627,43,Female,156.0,No,No,7.0,Casual
1163,36,Male,30.0,No,No,39.0,Casual
207,27,Female,115.0,Yes,No,36.0,Casual
229,37,Male,63.0,Yes,No,22.0,Casual
1498,22,Female,292.0,Yes,Yes,274.0,Hardcore
94,19,Female,473.0,Yes,Yes,213.0,Hardcore
702,24,Male,186.0,Yes,Yes,304.0,Hardcore
1794,42,Female,363.0,Yes,No,291.0,Hardcore
705,23,Male,144.0,No,No,74.0,Casual
140,33,Male,582.0,Yes,Yes,202.0,Hardcore
479,17,Female,51.0,No,No,64.0,Casual
218,25,Female,445.0,Yes,Yes,464.0,Hardcore
1977,17,Female,506.0,Yes,No,147.0,Hardcore
1182,21,Male,404.0,Yes,Yes,207.0,Hardcore
323,33,Male,58.0,No,No,0.0,Casual
1549,21,Male,528.0,Yes,Yes,179.0,Hardcore
1350,15,Female,458.0,Yes,Yes,355.0,Hardcore
1874,39,Female,211.0,Yes,Yes,498.0,Hardcore
1426,28,Male,396.0,Yes,Yes,151.0,Hardcore
938,34,Female,107.0,No,No,35.0,Casual
1478,24,Male,253.0,Yes,Yes,324.0,Hardcore
1755,32,Female,181.0,Yes,No,87.0,Casual
841,36,Female,87.0,No,No,74.0,Casual
862,32,Female,183.0,Yes,Yes,500.0,Hardcore
933,34,Female,267.0,Yes,Yes,166.0,Hardcore
527,16,Female,110.0,No,No,68.0,Casual
1064,38,Female,77.0,No,No,81.0,Casual
467,26,Male,542.0,Yes,Yes,261.0,Hardcore
1298,31,Female,115.0,No,No,41.0,Casual
391,22,Female,187.0,Yes,Yes,178.0,Hardcore
306,20,Female,81.0,Yes,No,45.0,Casual
1725,38,Male,283.0,Yes,Yes,137.0,Hardcore
1789,42,Male,172.0,No,No,3.0,Casual
1677,28,Female,163.0,No,Yes,12.0,Casual
67,28,Female,371.0,Yes,Yes,416.0,Hardcore
1750,16,Female,474.0,Yes,Yes,218.0,Hardcore
1005,28,Male,130.0,Yes,No,70.0,Casual
1386,21,Male,389.0,Yes,Yes,443.0,Hardcore
1829,17,Female,294.0,Yes,Yes,145.0,Hardcore
1089,34,Female,566.0,Yes,Yes,458.0,Hardcore
796,43,Female,104.0,No,No,48.0,Casual
110,19,Male,184.0,Yes,Yes,294.0,Hardcore
1062,16,Male,565.0,Yes,Yes,418.0,Hardcore
907,26,Female,567.0,Yes,Yes,346.0,Hardcore
600,28,Male,343.0,Yes,Yes,419.0,Hardcore
1178,35,Male,343.0,Yes,Yes,188.0,Hardcore
436,15,Female,122.0,No,No,42.0,Casual
615,36,Female,59.0,No,No,11.0,Casual
1825,18,Female,482.0,Yes,No,404.0,Hardcore
654,19,Female,115.0,No,No,81.0,Casual
1195,32,Female,541.0,Yes,Yes,213.0,Hardcore
589,40,Female,85.0,No,No,11.0,Casual
914,29,Female,308.0,Yes,Yes,159.0,Hardcore
1075,24,Female,67.0,No,No,20.0,Casual
576,42,Male,124.0,No,No,90.0,Casual
1290,20,Male,39.0,Yes,No,59.0,Casual
128,29,Female,216.0,Yes,Yes,150.0,Hardcore
1997,39,Male,543.0,Yes,Yes,108.0,Hardcore
1323,24,Female,524.0,Yes,Yes,168.0,Hardcore
1109,16,Male,583.0,Yes,Yes,302.0,Hardcore
100,16,Female,130.0,No,No,17.0,Casual
151,40,Male,136.0,No,No,43.0,Casual
97,32,Male,33.0,No,No,63.0,Casual
1299,24,Female,306.0,Yes,Yes,487.0,Hardcore
1514,25,Female,33.0,No,No,87.0,Casual
1406,20,Male,82.0,Yes,No,91.0,Casual
114,33,Female,249.0,Yes,Yes,166.0,Hardcore
1515,15,Female,216.0,Yes,Yes,220.0,Hardcore
1186,22,Female,590.0,Yes,Yes,292.0,Hardcore
713,43,Male,88.0,No,No,4.0,Casual
671,28,Female,217.0,Yes,Yes,224.0,Hardcore
1112,43,Female,108.0,No,No,53.0,Casual
1420,41,Male,56.0,No,No,70.0,Casual
1205,39,Male,83.0,No,No,19.0,Casual
967,16,Male,281.0,Yes,Yes,195.0,Hardcore
730,32,Male,102.0,No,No,8.0,Casual
1663,22,Male,184.0,No,No,60.0,Casual
212,42,Male,83.0,No,Yes,0.0,Casual
723,16,Female,526.0,Yes,Yes,459.0,Hardcore
1793,16,Male,121.0,No,No,101.0,Casual
1022,32,Female,364.0,Yes,Yes,178.0,Hardcore
448,31,Female,92.0,No,No,16.0,Casual
1371,28,Male,40.0,No,No,61.0,Casual
1414,29,Male,118.0,No,No,2.0,Casual
622,21,Male,437.0,Yes,Yes,329.0,Hardcore
1578,35,Male,265.0,Yes,Yes,402.0,Hardcore
1329,26,Female,449.0,Yes,Yes,187.0,Hardcore
782,31,Female,252.0,Yes,Yes,163.0,Hardcore
617,27,Male,525.0,Yes,Yes,236.0,Hardcore
1324,16,Male,52.0,No,No,65.0,Casual
1430,15,Female,139.0,Yes,No,61.0,Casual
1312,15,Male,72.0,No,No,1.0,Casual
835,18,Male,119.0,Yes,No,39.0,Casual
1242,35,Female,75.0,No,Yes,83.0,Casual
373,36,Female,61.0,No,No,57.0,Casual
1697,29,Male,210.0,Yes,Yes,354.0,Hardcore
392,34,Female,388.0,Yes,Yes,277.0,Hardcore
57,33,Female,101.0,No,No,24.0,Casual
1374,23,Male,326.0,Yes,Yes,428.0,Hardcore
187,27,Male,518.0,Yes,Yes,416.0,Hardcore
418,22,Female,474.0,Yes,Yes,345.0,Hardcore
1523,36,Male,62.0,No,No,54.0,Casual
1333,22,Female,432.0,Yes,Yes,168.0,Hardcore
1591,21,Male,147.0,Yes,No,0.0,Casual
1812,22,Female,202.0,Yes,Yes,491.0,Hardcore
88,18,Female,492.0,Yes,Yes,267.0,Hardcore
1535,28,Female,246.0,Yes,Yes,346.0,Hardcore
309,21,Male,288.0,Yes,Yes,184.0,Hardcore
1479,28,Female,47.0,No,No,57.0,Casual
1543,17,Female,98.0,No,No,88.0,Casual
1534,23,Male,68.0,No,No,55.0,Casual
950,21,Male,575.0,Yes,Yes,348.0,Hardcore
903,36,Male,48.0,Yes,No,62.0,Casual
1572,25,Female,51.0,No,No,46.0,Casual
1159,34,Female,31.0,No,Yes,39.0,Casual
1947,37,Male,304.0,No,Yes,298.0,Hardcore
172,15,Male,83.0,No,No,24.0,Casual
252,33,Female,567.0,Yes,Yes,365.0,Hardcore
624,28,Female,137.0,No,Yes,58.0,Casual
665,32,Female,349.0,Yes,Yes,284.0,Hardcore
93,24,Male,72.0,No,No,10.0,Casual
630,40,Female,38.0,No,No,68.0,Casual
1281,32,Male,224.0,Yes,Yes,254.0,Hardcore
619,42,Female,124.0,Yes,No,41.0,Casual
857,42,Male,106.0,No,No,57.0,Casual
781,35,Male,47.0,No,No,44.0,Casual
83,20,Male,588.0,Yes,Yes,428.0,Hardcore
1705,37,Female,120.0,No,No,23.0,Casual
888,19,Female,94.0,No,No,84.0,Casual
529,36,Female,59.0,No,No,70.0,Casual
604,21,Female,147.0,No,No,86.0,Casual
1596,23,Female,480.0,Yes,Yes,313.0,Hardcore
1191,27,Female,506.0,Yes,Yes,216.0,Hardcore
711,23,Male,409.0,Yes,Yes,321.0,Hardcore
58,20,Female,240.0,Yes,Yes,417.0,Hardcore
324,40,Male,77.0,Yes,No,63.0,Casual
1584,31,Male,534.0,Yes,Yes,380.0,Hardcore
1570,31,Male,111.0,No,No,71.0,Casual
1903,24,Female,574.0,No,Yes,146.0,Hardcore
1968,17,Female,221.0,Yes,Yes,329.0,Hardcore
1193,28,Female,270.0,Yes,Yes,438.0,Hardcore
1703,17,Female,231.0,Yes,Yes,422.0,Hardcore
704,33,Male,54.0,No,No,74.0,Casual
1761,16,Male,72.0,No,Yes,132.0,Casual
1831,25,Female,55.0,Yes,No,45.0,Casual
452,43,Female,139.0,No,No,55.0,Casual
771,30,Female,44.0,No,No,63.0,Casual
1726,41,Female,73.0,No,No,59.0,Casual
427,27,Male,98.0,No,No,40.0,Casual
1160,29,Male,123.0,No,No,92.0,Casual
22,15,Male,397.0,Yes,Yes,339.0,Hardcore
1742,36,Male,496.0,Yes,Yes,477.0,Hardcore
1337,44,Female,82.0,No,No,7.0,Casual
1468,34,Female,76.0,No,No,79.0,Casual
1443,29,Male,85.0,No,No,60.0,Casual
341,28,Female,518.0,Yes,Yes,152.0,Hardcore
1138,20,Female,523.0,Yes,Yes,378.0,Hardcore
305,16,Female,56.0,No,No,20.0,Casual
235,15,Male,140.0,No,No,57.0,Casual
1802,40,Male,260.0,Yes,Yes,353.0,Hardcore
663,21,Male,584.0,Yes,Yes,462.0,Hardcore
283,35,Male,598.0,Yes,Yes,393.0,Hardcore
1680,32,Female,186.0,No,No,25.0,Casual
232,34,Male,282.0,Yes,Yes,234.0,Hardcore
1834,41,Female,480.0,Yes,Yes,338.0,Hardcore
292,40,Male,106.0,No,No,64.0,Casual
438,29,Female,145.0,No,No,94.0,Casual
425,20,Female,101.0,No,No,31.0,Casual
1841,35,Female,197.0,Yes,Yes,235.0,Hardcore
563,37,Female,130.0,No,No,57.0,Casual
964,36,Male,83.0,No,No,3.0,Casual
1941,16,Male,591.0,Yes,Yes,249.0,Hardcore
1804,35,Male,98.0,No,No,1.0,Casual
739,32,Male,250.0,Yes,Yes,397.0,Hardcore
242,35,Female,332.0,Yes,Yes,272.0,Hardcore
1763,19,Male,344.0,No,Yes,344.0,Hardcore
1551,32,Female,121.0,Yes,No,35.0,Casual
7,43,Female,149.0,No,No,91.0,Casual
1781,39,Female,73.0,No,No,77.0,Casual
631,40,Male,71.0,No,No,38.0,Casual
802,26,Male,518.0,Yes,Yes,311.0,Hardcore
1437,29,Male,436.0,Yes,Yes,214.0,Hardcore
197,18,Male,37.0,No,No,32.0,Casual
1087,33,Female,192.0,Yes,Yes,197.0,Hardcore
482,27,Female,452.0,Yes,Yes,166.0,Hardcore
1221,21,Female,295.0,Yes,Yes,173.0,Hardcore
313,34,Female,339.0,Yes,Yes,195.0,Hardcore
885,24,Female,373.0,Yes,Yes,474.0,Hardcore
549,26,Male,459.0,Yes,Yes,409.0,Hardcore
973,31,Female,343.0,Yes,Yes,234.0,Hardcore
959,35,Female,494.0,Yes,Yes,474.0,Hardcore
1241,18,Male,449.0,Yes,Yes,205.0,Hardcore
777,16,Male,408.0,Yes,Yes,462.0,Hardcore
720,18,Female,145.0,No,Yes,61.0,Casual
404,24,Female,371.0,Yes,Yes,242.0,Hardcore
1647,37,Male,224.0,Yes,Yes,224.0,Hardcore
1588,43,Female,83.0,No,Yes,34.0,Casual
1073,28,Male,208.0,Yes,Yes,344.0,Hardcore
1634,28,Male,227.0,Yes,Yes,262.0,Hardcore
564,18,Female,215.0,Yes,Yes,322.0,Hardcore
1999,34,Male,484.0,Yes,Yes,221.0,Hardcore
831,34,Male,408.0,Yes,Yes,375.0,Hardcore
1454,29,Male,65.0,Yes,No,16.0,Casual
401,29,Female,395.0,Yes,Yes,201.0,Hardcore
1803,43,Female,210.0,Yes,Yes,407.0,Hardcore
1906,31,Female,103.0,Yes,No,141.0,Casual
18,23,Female,312.0,Yes,Yes,376.0,Hardcore
1744,28,Female,184.0,No,No,87.0,Casual
1929,17,Male,178.0,Yes,No,100.0,Casual
688,21,Male,252.0,Yes,Yes,457.0,Hardcore
1433,19,Female,235.0,Yes,Yes,436.0,Hardcore
1924,43,Female,140.0,Yes,Yes,37.0,Casual
237,41,Male,107.0,No,No,46.0,Casual
1477,29,Female,360.0,Yes,Yes,409.0,Hardcore
976,15,Female,302.0,Yes,Yes,293.0,Hardcore
648,24,Male,132.0,No,No,24.0,Casual
278,31,Male,51.0,Yes,No,21.0,Casual
1976,32,Female,139.0,No,No,64.0,Casual
491,17,Male,598.0,Yes,Yes,486.0,Hardcore
133,28,Female,251.0,Yes,Yes,408.0,Hardcore
676,19,Male,144.0,No,No,96.0,Casual
1013,31,Male,73.0,No,No,53.0,Casual
243,17,Female,142.0,No,No,35.0,Casual
760,26,Female,589.0,Yes,Yes,484.0,Hardcore
31,18,Male,481.0,Yes,Yes,291.0,Hardcore
247,35,Female,519.0,Yes,Yes,457.0,Hardcore
1749,27,Male,197.0,Yes,Yes,198.0,Hardcore
138,21,Male,394.0,Yes,Yes,269.0,Hardcore
11,33,Female,32.0,Yes,No,32.0,Casual
970,35,Male,113.0,No,No,81.0,Casual
160,23,Female,406.0,Yes,Yes,385.0,Hardcore
70,40,Male,138.0,No,No,44.0,Casual
882,18,Male,581.0,Yes,Yes,355.0,Hardcore
261,34,Female,34.0,No,No,58.0,Casual
1142,29,Female,115.0,No,No,41.0,Casual
917,35,Female,111.0,Yes,No,33.0,Casual
1758,18,Male,531.0,Yes,Yes,397.0,Hardcore
999,24,Female,109.0,No,No,53.0,Casual
1082,17,Female,309.0,Yes,Yes,254.0,Hardcore
1366,35,Female,47.0,Yes,No,39.0,Casual
129,19,Male,411.0,Yes,Yes,285.0,Hardcore
1537,24,Female,39.0,No,No,97.0,Casual
1940,27,Male,367.0,Yes,Yes,445.0,Hardcore
1316,35,Male,558.0,Yes,Yes,288.0,Hardcore
61,27,Male,491.0,Yes,Yes,326.0,Hardcore
365,23,Female,118.0,Yes,Yes,28.0,Casual
662,31,Male,125.0,No,No,86.0,Casual
1996,44,Female,131.0,No,No,121.0,Casual
1659,33,Male,141.0,No,No,138.0,Casual
1987,35,Male,531.0,Yes,Yes,193.0,Hardcore
1460,23,Male,345.0,Yes,Yes,234.0,Hardcore
1607,30,Male,184.0,Yes,No,34.0,Casual
1387,20,Male,133.0,No,Yes,73.0,Casual
940,42,Male,106.0,No,No,42.0,Casual
131,16,Female,202.0,Yes,Yes,414.0,Hardcore
1965,44,Male,110.0,Yes,No,148.0,Casual
1146,38,Male,59.0,No,No,25.0,Casual
611,25,Female,471.0,Yes,Yes,393.0,Hardcore
1939,42,Female,129.0,Yes,No,143.0,Casual
20,17,Male,137.0,No,No,97.0,Casual
1625,15,Male,144.0,No,No,121.0,Casual
1783,21,Male,415.0,Yes,Yes,489.0,Hardcore
143,22,Female,143.0,No,No,52.0,Casual
553,24,Male,460.0,Yes,Yes,245.0,Hardcore
594,44,Male,90.0,Yes,No,11.0,Casual
176,28,Female,63.0,No,No,95.0,Casual
1392,39,Female,38.0,No,No,22.0,Casual
731,31,Female,115.0,Yes,No,54.0,Casual
1247,17,Female,498.0,Yes,Yes,243.0,Hardcore
1639,37,Female,50.0,No,No,110.0,Casual
1784,24,Male,586.0,Yes,Yes,109.0,Hardcore
1352,17,Male,75.0,No,No,74.0,Casual
457,24,Female,469.0,Yes,Yes,216.0,Hardcore
486,31,Female,376.0,Yes,Yes,207.0,Hardcore
130,27,Male,102.0,No,No,65.0,Casual
1499,19,Female,311.0,Yes,Yes,270.0,Hardcore
326,17,Male,461.0,Yes,Yes,454.0,Hardcore
707,18,Male,123.0,Yes,Yes,95.0,Casual
405,27,Male,228.0,Yes,Yes,274.0,Hardcore
1057,41,Female,101.0,No,No,61.0,Casual
1708,19,Male,218.0,Yes,Yes,277.0,Hardcore
1053,32,Female,414.0,Yes,Yes,167.0,Hardcore
192,33,Female,113.0,No,No,53.0,Casual
1093,27,Male,563.0,Yes,Yes,327.0,Hardcore
977,27,Female,438.0,Yes,Yes,196.0,Hardcore
273,19,Male,49.0,No,No,18.0,Casual
1493,16,Female,366.0,Yes,Yes,201.0,Hardcore
1464,22,Male,186.0,Yes,Yes,203.0,Hardcore
571,44,Male,83.0,Yes,No,26.0,Casual
238,44,Male,68.0,No,No,53.0,Casual
282,36,Female,35.0,Yes,No,26.0,Casual
1113,24,Female,434.0,Yes,Yes,271.0,Hardcore
981,34,Male,379.0,Yes,Yes,490.0,Hardcore
1116,33,Female,47.0,Yes,No,98.0,Casual
1914,29,Male,256.0,Yes,Yes,451.0,Hardcore
1383,29,Female,267.0,Yes,Yes,160.0,Hardcore
1401,22,Female,35.0,No,No,31.0,Casual
1868,41,Female,168.0,Yes,Yes,336.0,Hardcore
1462,31,Male,349.0,Yes,Yes,354.0,Hardcore
536,40,Female,122.0,No,No,35.0,Casual
1721,38,Male,121.0,No,No,134.0,Casual
763,23,Male,126.0,No,No,79.0,Casual
1769,35,Male,214.0,Yes,Yes,381.0,Hardcore
1629,21,Male,413.0,Yes,Yes,248.0,Hardcore
1236,41,Male,113.0,No,No,77.0,Casual
1157,17,Female,57.0,No,No,32.0,Casual
1254,22,Male,304.0,Yes,Yes,228.0,Hardcore
459,30,Male,374.0,Yes,Yes,432.0,Hardcore
476,23,Female,399.0,Yes,Yes,243.0,Hardcore
352,25,Male,349.0,Yes,Yes,418.0,Hardcore
650,33,Male,74.0,No,Yes,76.0,Casual
353,22,Female,187.0,Yes,Yes,253.0,Hardcore
340,24,Female,400.0,Yes,Yes,272.0,Hardcore
674,33,Male,129.0,No,No,97.0,Casual
972,24,Male,409.0,Yes,Yes,338.0,Hardcore
1637,15,Male,134.0,No,No,100.0,Casual
709,17,Male,375.0,Yes,Yes,184.0,Hardcore
601,17,Female,527.0,Yes,Yes,422.0,Hardcore
1696,15,Female,168.0,Yes,Yes,238.0,Hardcore
384,34,Male,100.0,No,No,75.0,Casual
1292,36,Male,116.0,No,No,24.0,Casual
905,30,Male,91.0,No,No,38.0,Casual
434,30,Female,335.0,Yes,Yes,338.0,Hardcore
299,41,Male,106.0,No,No,60.0,Casual
971,16,Male,248.0,Yes,Yes,414.0,Hardcore
1496,30,Female,92.0,No,No,29.0,Casual
389,16,Male,472.0,Yes,Yes,379.0,Hardcore
1470,26,Male,229.0,Yes,Yes,486.0,Hardcore
137,21,Female,290.0,Yes,Yes,439.0,Hardcore
672,33,Female,438.0,Yes,Yes,374.0,Hardcore
289,32,Female,475.0,Yes,Yes,352.0,Hardcore
127,15,Female,314.0,Yes,Yes,216.0,Hardcore
1136,31,Female,321.0,Yes,Yes,307.0,Hardcore
1368,19,Female,53.0,No,No,9.0,Casual
758,26,Male,134.0,No,No,57.0,Casual
1230,20,Female,100.0,No,No,65.0,Casual
809,21,Male,44.0,No,No,25.0,Casual
1826,29,Male,290.0,Yes,Yes,124.0,Hardcore
74,29,Male,261.0,Yes,Yes,296.0,Hardcore
1260,16,Female,445.0,Yes,Yes,337.0,Hardcore
1321,16,Male,80.0,No,No,74.0,Casual
1114,18,Female,577.0,Yes,Yes,381.0,Hardcore
838,35,Male,459.0,Yes,Yes,183.0,Hardcore
250,25,Female,581.0,Yes,Yes,488.0,Hardcore
1238,20,Male,82.0,No,No,1.0,Casual
82,31,Female,536.0,Yes,Yes,362.0,Hardcore
1256,37,Male,89.0,Yes,No,37.0,Casual
239,39,Female,142.0,No,No,41.0,Casual
388,44,Female,32.0,No,Yes,12.0,Casual
823,33,Female,509.0,Yes,Yes,294.0,Hardcore
487,29,Male,597.0,Yes,Yes,175.0,Hardcore
1904,30,Male,596.0,No,Yes,225.0,Hardcore
1824,40,Female,195.0,No,Yes,102.0,Casual
574,22,Female,262.0,Yes,Yes,259.0,Hardcore
1211,24,Female,59.0,Yes,No,83.0,Casual
410,31,Male,291.0,Yes,Yes,465.0,Hardcore
579,40,Female,117.0,No,No,15.0,Casual
449,26,Female,85.0,No,No,36.0,Casual
1492,25,Female,81.0,No,No,94.0,Casual
1827,34,Male,249.0,Yes,No,373.0,Hardcore
810,20,Male,328.0,Yes,Yes,416.0,Hardcore
546,42,Male,148.0,No,No,49.0,Casual
433,21,Male,366.0,Yes,Yes,418.0,Hardcore
1102,30,Male,47.0,No,Yes,53.0,Casual
1870,31,Female,187.0,No,Yes,8.0,Casual
1132,31,Male,325.0,Yes,Yes,392.0,Hardcore
813,24,Male,46.0,No,No,0.0,Casual
1161,29,Female,127.0,Yes,No,59.0,Casual
735,44,Male,91.0,No,No,87.0,Casual
477,29,Male,365.0,Yes,Yes,333.0,Hardcore
1942,17,Male,71.0,No,Yes,37.0,Casual
318,17,Female,144.0,No,No,27.0,Casual
1880,30,Female,125.0,No,No,123.0,Casual
516,30,Female,534.0,Yes,Yes,265.0,Hardcore
1739,21,Female,161.0,Yes,No,192.0,Hardcore
387,30,Female,72.0,No,No,19.0,Casual
1814,36,Male,165.0,Yes,Yes,323.0,Hardcore
833,26,Female,267.0,Yes,Yes,221.0,Hardcore
4,29,Male,55.0,No,No,2.0,Casual
1220,18,Female,308.0,Yes,Yes,198.0,Hardcore
1748,43,Female,80.0,No,No,38.0,Casual
412,27,Male,405.0,Yes,Yes,414.0,Hardcore
1202,40,Female,37.0,No,No,85.0,Casual
1088,27,Male,123.0,No,No,76.0,Casual
1194,30,Male,383.0,Yes,Yes,387.0,Hardcore
268,23,Male,237.0,Yes,Yes,474.0,Hardcore
1229,19,Male,68.0,No,Yes,43.0,Casual
840,26,Female,59.0,No,No,2.0,Casual
515,23,Male,493.0,Yes,Yes,243.0,Hardcore
103,27,Male,484.0,Yes,Yes,311.0,Hardcore
1644,22,Male,285.0,Yes,Yes,394.0,Hardcore
1263,18,Female,67.0,No,Yes,70.0,Casual
870,39,Female,147.0,No,No,37.0,Casual
904,17,Female,88.0,No,No,46.0,Casual
542,35,Female,338.0,Yes,Yes,312.0,Hardcore
362,41,Female,113.0,No,No,0.0,Casual
470,19,Female,379.0,Yes,Yes,352.0,Hardcore
980,23,Male,101.0,No,No,63.0,Casual
1336,25,Male,584.0,Yes,Yes,314.0,Hardcore
216,32,Male,360.0,Yes,Yes,240.0,Hardcore
1091,25,Female,45.0,No,No,38.0,Casual
814,23,Female,33.0,No,No,84.0,Casual
1187,40,Female,49.0,Yes,No,22.0,Casual
556,18,Male,113.0,No,No,79.0,Casual
1747,40,Male,186.0,No,No,124.0,Casual
98,20,Male,230.0,Yes,Yes,455.0,Hardcore
1664,16,Male,163.0,No,No,122.0,Casual
883,27,Male,487.0,Yes,Yes,168.0,Hardcore
848,29,Male,534.0,Yes,Yes,404.0,Hardcore
1587,21,Female,580.0,Yes,Yes,375.0,Hardcore
342,18,Male,238.0,Yes,Yes,211.0,Hardcore
1376,30,Female,436.0,Yes,Yes,495.0,Hardcore
1560,33,Female,512.0,Yes,Yes,455.0,Hardcore
710,15,Male,283.0,Yes,Yes,156.0,Hardcore
281,24,Male,416.0,Yes,Yes,195.0,Hardcore
1753,25,Female,192.0,No,No,41.0,Casual
1461,33,Male,90.0,No,No,71.0,Casual
1559,16,Female,249.0,Yes,Yes,367.0,Hardcore
637,44,Male,141.0,No,No,70.0,Casual
1805,25,Female,107.0,Yes,No,66.0,Casual
1597,22,Female,412.0,Yes,Yes,420.0,Hardcore
1866,19,Female,200.0,Yes,Yes,141.0,Hardcore
1548,29,Male,407.0,Yes,Yes,312.0,Hardcore
1349,16,Female,62.0,Yes,Yes,81.0,Casual
1698,19,Male,169.0,Yes,Yes,168.0,Hardcore
712,25,Male,71.0,No,No,99.0,Casual
937,27,Male,287.0,Yes,Yes,445.0,Hardcore
1408,21,Female,48.0,Yes,No,23.0,Casual
607,15,Female,487.0,Yes,Yes,310.0,Hardcore
1920,22,Female,164.0,Yes,Yes,219.0,Hardcore
1628,37,Male,469.0,Yes,Yes,262.0,Hardcore
1688,30,Male,160.0,Yes,No,123.0,Casual
1989,39,Female,120.0,No,No,99.0,Casual
692,27,Male,388.0,Yes,Yes,279.0,Hardcore
1452,19,Female,75.0,Yes,No,3.0,Casual
455,29,Female,590.0,Yes,Yes,286.0,Hardcore
736,27,Female,192.0,Yes,Yes,167.0,Hardcore
1604,27,Female,555.0,Yes,Yes,265.0,Hardcore
1391,26,Male,487.0,Yes,Yes,250.0,Hardcore
118,29,Female,80.0,Yes,No,91.0,Casual
248,23,Male,92.0,No,No,54.0,Casual
822,26,Female,589.0,Yes,Yes,443.0,Hardcore
1012,16,Male,348.0,Yes,Yes,171.0,Hardcore
17,18,Male,126.0,No,No,25.0,Casual
1796,25,Male,77.0,No,Yes,32.0,Casual
1079,17,Male,446.0,Yes,Yes,218.0,Hardcore
381,18,Male,84.0,Yes,No,74.0,Casual
1369,32,Female,544.0,Yes,Yes,289.0,Hardcore
24,38,Female,111.0,No,No,47.0,Casual
234,33,Female,511.0,Yes,Yes,187.0,Hardcore
1503,31,Female,32.0,No,No,50.0,Casual
591,15,Male,67.0,No,No,5.0,Casual
1286,33,Female,140.0,No,No,73.0,Casual
1271,29,Female,109.0,No,No,25.0,Casual
1787,40,Female,204.0,Yes,Yes,255.0,Hardcore
144,17,Female,51.0,No,No,58.0,Casual
658,38,Female,51.0,No,No,59.0,Casual
513,30,Male,591.0,Yes,Yes,386.0,Hardcore
1933,21,Male,592.0,Yes,Yes,190.0,Hardcore
321,41,Female,53.0,No,No,46.0,Casual
689,21,Female,491.0,Yes,Yes,209.0,Hardcore
1863,16,Male,49.0,No,No,101.0,Casual
420,36,Female,150.0,No,Yes,53.0,Casual
1848,43,Male,69.0,No,No,33.0,Casual
951,29,Male,40.0,No,No,69.0,Casual
1068,18,Male,203.0,Yes,Yes,248.0,Hardcore
1438,24,Female,54.0,No,No,32.0,Casual
1602,43,Male,263.0,Yes,Yes,140.0,Hardcore
1413,22,Female,377.0,Yes,Yes,431.0,Hardcore
585,23,Male,74.0,No,No,56.0,Casual
957,32,Female,116.0,No,No,34.0,Casual
101,24,Male,142.0,No,No,16.0,Casual
991,20,Male,146.0,No,No,41.0,Casual
431,22,Female,564.0,Yes,Yes,422.0,Hardcore
1598,38,Male,66.0,No,No,76.0,Casual
1074,18,Male,77.0,No,No,89.0,Casual
783,34,Female,311.0,Yes,Yes,487.0,Hardcore
512,39,Male,76.0,No,No,86.0,Casual
717,29,Female,258.0,Yes,Yes,219.0,Hardcore
1275,24,Male,317.0,Yes,Yes,336.0,Hardcore
906,37,Male,147.0,No,No,35.0,Casual
208,24,Female,280.0,Yes,Yes,305.0,Hardcore
472,19,Female,416.0,Yes,Yes,498.0,Hardcore
264,31,Male,113.0,No,No,13.0,Casual
1633,33,Female,453.0,Yes,Yes,386.0,Hardcore
1536,23,Male,132.0,No,No,22.0,Casual
922,40,Female,52.0,No,No,54.0,Casual
680,29,Male,560.0,Yes,Yes,478.0,Hardcore
1003,28,Male,70.0,No,No,58.0,Casual
805,33,Male,250.0,Yes,Yes,197.0,Hardcore
1555,18,Female,518.0,Yes,Yes,324.0,Hardcore
641,23,Male,333.0,Yes,Yes,483.0,Hardcore
583,34,Female,543.0,Yes,Yes,353.0,Hardcore
1849,25,Female,86.0,Yes,Yes,39.0,Casual
752,22,Male,195.0,Yes,Yes,210.0,Hardcore
1303,27,Male,519.0,Yes,Yes,214.0,Hardcore
37,39,Male,55.0,Yes,No,82.0,Casual
347,42,Female,130.0,No,No,95.0,Casual
19,38,Male,79.0,No,No,10.0,Casual
1799,35,Female,181.0,No,No,12.0,Casual
952,29,Female,393.0,Yes,Yes,489.0,Hardcore
1264,16,Male,261.0,Yes,Yes,254.0,Hardcore
1525,17,Female,518.0,Yes,Yes,285.0,Hardcore
1709,19,Female,409.0,No,Yes,469.0,Hardcore
1288,26,Female,106.0,No,No,65.0,Casual
1505,30,Female,320.0,Yes,Yes,348.0,Hardcore
757,20,Female,260.0,Yes,Yes,289.0,Hardcore
1049,29,Male,408.0,Yes,Yes,246.0,Hardcore
498,30,Female,147.0,No,Yes,30.0,Casual
490,25,Male,554.0,Yes,Yes,168.0,Hardcore
1370,41,Male,141.0,No,No,11.0,Casual
1457,33,Female,589.0,Yes,Yes,377.0,Hardcore
1272,31,Female,417.0,Yes,Yes,470.0,Hardcore
1014,33,Male,452.0,Yes,Yes,485.0,Hardcore
1682,24,Female,63.0,No,Yes,24.0,Casual
729,23,Male,195.0,Yes,Yes,456.0,Hardcore
1155,22,Female,137.0,No,Yes,78.0,Casual
1908,40,Female,48.0,No,No,9.0,Casual
721,16,Male,513.0,Yes,Yes,498.0,Hardcore
1306,24,Male,533.0,Yes,Yes,288.0,Hardcore
580,19,Female,75.0,No,No,52.0,Casual
863,26,Female,471.0,Yes,Yes,430.0,Hardcore
931,30,Female,511.0,Yes,Yes,242.0,Hardcore
380,22,Female,54.0,No,Yes,60.0,Casual
1980,28,Female,577.0,No,Yes,152.0,Hardcore
1259,17,Female,85.0,No,Yes,54.0,Casual
1449,29,Male,118.0,No,No,50.0,Casual
45,29,Male,139.0,No,Yes,54.0,Casual
1678,37,Male,495.0,Yes,Yes,418.0,Hardcore
520,31,Female,510.0,Yes,Yes,421.0,Hardcore
71,35,Female,121.0,Yes,No,90.0,Casual
1096,39,Male,78.0,No,No,68.0,Casual
924,40,Male,124.0,No,No,49.0,Casual
543,29,Male,112.0,Yes,No,58.0,Casual
1201,19,Female,361.0,Yes,Yes,398.0,Hardcore
1162,38,Male,35.0,No,No,18.0,Casual
48,15,Male,455.0,Yes,Yes,321.0,Hardcore
1318,23,Female,509.0,Yes,Yes,303.0,Hardcore
1200,21,Male,125.0,No,Yes,34.0,Casual
1315,38,Female,37.0,Yes,No,18.0,Casual
790,21,Male,129.0,Yes,No,45.0,Casual
1245,20,Male,75.0,No,No,4.0,Casual
789,17,Female,542.0,Yes,Yes,198.0,Hardcore
1645,15,Female,33.0,Yes,No,104.0,Casual
668,19,Male,522.0,Yes,Yes,297.0,Hardcore
251,15,Male,133.0,No,No,33.0,Casual
1844,22,Female,42.0,No,No,94.0,Casual
1533,29,Male,79.0,No,No,81.0,Casual
1618,42,Male,53.0,No,No,104.0,Casual
544,31,Male,309.0,Yes,Yes,343.0,Hardcore
1169,28,Male,342.0,Yes,Yes,198.0,Hardcore
1694,32,Male,102.0,No,No,94.0,Casual
1372,31,Male,534.0,Yes,Yes,265.0,Hardcore
693,20,Female,399.0,Yes,Yes,255.0,Hardcore
415,15,Male,69.0,No,No,81.0,Casual
1930,32,Female,533.0,Yes,Yes,116.0,Hardcore
1398,28,Female,138.0,No,No,12.0,Casual
424,20,Male,387.0,Yes,Yes,245.0,Hardcore
1072,33,Female,345.0,Yes,Yes,180.0,Hardcore
223,26,Female,34.0,No,No,83.0,Casual
1547,25,Female,58.0,No,No,2.0,Casual
503,40,Female,139.0,No,No,5.0,Casual
460,38,Female,64.0,No,No,25.0,Casual
356,31,Female,458.0,Yes,Yes,295.0,Hardcore
780,18,Female,50.0,No,No,73.0,Casual
1762,31,Female,369.0,Yes,Yes,487.0,Hardcore
1335,37,Female,115.0,No,No,8.0,Casual
1354,22,Female,199.0,Yes,Yes,182.0,Hardcore
372,31,Male,345.0,Yes,Yes,263.0,Hardcore
366,32,Female,256.0,Yes,Yes,379.0,Hardcore
1309,27,Male,59.0,No,No,47.0,Casual
1423,15,Female,222.0,Yes,Yes,357.0,Hardcore
1214,27,Female,91.0,No,No,16.0,Casual
829,34,Male,86.0,No,No,92.0,Casual
1011,44,Male,129.0,No,Yes,52.0,Casual
1994,39,Female,209.0,Yes,Yes,377.0,Hardcore
385,28,Female,421.0,Yes,Yes,358.0,Hardcore
1307,31,Male,496.0,Yes,Yes,272.0,Hardcore
1713,16,Female,230.0,Yes,Yes,334.0,Hardcore
496,25,Female,109.0,Yes,No,44.0,Casual
679,15,Female,39.0,No,No,59.0,Casual
1585,36,Female,47.0,No,No,100.0,Casual
1670,25,Female,47.0,No,No,118.0,Casual
1595,37,Female,106.0,No,No,15.0,Casual
421,27,Male,218.0,Yes,Yes,221.0,Hardcore
919,40,Female,139.0,No,No,81.0,Casual
1519,35,Male,93.0,No,No,91.0,Casual
499,21,Male,74.0,Yes,No,56.0,Casual
145,17,Male,111.0,No,No,33.0,Casual
1963,24,Male,441.0,Yes,Yes,115.0,Hardcore
1729,31,Male,197.0,No,Yes,0.0,Casual
1691,18,Female,308.0,Yes,No,207.0,Hardcore
1108,39,Female,129.0,No,No,5.0,Casual
655,27,Female,121.0,No,No,18.0,Casual
360,19,Male,36.0,No,No,78.0,Casual
1222,21,Male,388.0,Yes,Yes,242.0,Hardcore
572,28,Female,283.0,Yes,Yes,405.0,Hardcore
866,44,Male,33.0,No,No,49.0,Casual
677,27,Male,415.0,Yes,Yes,183.0,Hardcore
603,29,Female,396.0,Yes,Yes,255.0,Hardcore
12,37,Female,148.0,No,Yes,47.0,Casual
190,29,Male,367.0,Yes,Yes,206.0,Hardcore
901,33,Female,547.0,Yes,Yes,347.0,Hardcore
846,33,Female,106.0,No,No,14.0,Casual
30,35,Male,67.0,No,No,56.0,Casual
85,26,Female,301.0,Yes,Yes,179.0,Hardcore
203,16,Male,550.0,Yes,Yes,434.0,Hardcore
1655,39,Female,221.0,No,No,493.0,Hardcore
1216,29,Female,111.0,No,No,46.0,Casual
27,29,Male,427.0,Yes,Yes,305.0,Hardcore
1662,29,Male,115.0,No,No,8.0,Casual
1367,28,Male,386.0,Yes,Yes,449.0,Hardcore
714,38,Female,32.0,No,No,13.0,Casual
236,30,Female,369.0,Yes,Yes,174.0,Hardcore
1467,30,Male,570.0,Yes,Yes,436.0,Hardcore
1561,30,Female,595.0,Yes,Yes,171.0,Hardcore
577,34,Female,426.0,Yes,Yes,278.0,Hardcore
225,21,Male,326.0,Yes,Yes,261.0,Hardcore
911,29,Female,388.0,Yes,Yes,278.0,Hardcore
1164,24,Female,452.0,Yes,Yes,413.0,Hardcore
429,27,Female,585.0,Yes,Yes,162.0,Hardcore
575,33,Female,113.0,No,No,69.0,Casual
177,21,Female,212.0,Yes,Yes,204.0,Hardcore
798,25,Female,50.0,No,No,65.0,Casual
311,15,Female,105.0,Yes,No,56.0,Casual
184,41,Male,38.0,No,No,83.0,Casual
1530,22,Female,51.0,No,No,15.0,Casual
567,19,Female,302.0,Yes,Yes,336.0,Hardcore
1179,18,Female,491.0,Yes,Yes,205.0,Hardcore
1775,20,Female,81.0,Yes,No,88.0,Casual
60,30,Female,321.0,Yes,Yes,440.0,Hardcore
367,33,Female,104.0,Yes,No,37.0,Casual
1239,19,Male,34.0,No,No,20.0,Casual
1473,26,Female,490.0,Yes,Yes,194.0,Hardcore
1418,44,Male,81.0,No,No,22.0,Casual
113,22,Female,34.0,No,No,45.0,Casual
446,22,Male,371.0,Yes,Yes,459.0,Hardcore
936,15,Male,150.0,No,No,34.0,Casual
279,16,Female,59.0,No,No,44.0,Casual
1094,33,Female,125.0,No,No,62.0,Casual
150,25,Female,556.0,Yes,Yes,469.0,Hardcore
1395,32,Male,236.0,Yes,Yes,211.0,Hardcore
958,27,Female,181.0,Yes,Yes,499.0,Hardcore
256,29,Female,49.0,No,No,1.0,Casual
506,31,Male,318.0,Yes,Yes,448.0,Hardcore
1059,28,Female,319.0,Yes,Yes,248.0,Hardcore
254,30,Male,515.0,Yes,Yes,162.0,Hardcore
1786,31,Female,175.0,Yes,Yes,421.0,Hardcore
357,17,Female,473.0,Yes,Yes,388.0,Hardcore
656,18,Female,81.0,Yes,No,25.0,Casual
1832,31,Male,114.0,No,No,124.0,Casual
742,24,Male,430.0,Yes,Yes,481.0,Hardcore
1600,20,Female,363.0,Yes,Yes,334.0,Hardcore
298,38,Male,47.0,Yes,No,10.0,Casual
1261,22,Male,32.0,No,No,55.0,Casual
897,15,Male,272.0,Yes,Yes,168.0,Hardcore
1869,41,Female,395.0,Yes,Yes,109.0,Hardcore
554,19,Female,69.0,No,No,41.0,Casual
204,25,Male,72.0,No,Yes,7.0,Casual
682,24,Male,33.0,No,No,51.0,Casual
186,24,Female,378.0,Yes,Yes,175.0,Hardcore
1512,23,Male,80.0,No,No,63.0,Casual
69,22,Male,511.0,Yes,Yes,221.0,Hardcore
1731,33,Female,160.0,No,No,61.0,Casual
804,35,Male,302.0,Yes,Yes,395.0,Hardcore
519,32,Female,300.0,Yes,Yes,447.0,Hardcore
435,44,Female,147.0,No,No,12.0,Casual
481,22,Female,278.0,Yes,Yes,357.0,Hardcore
1287,18,Female,311.0,Yes,Yes,186.0,Hardcore
817,40,Female,41.0,No,No,10.0,Casual
432,41,Female,138.0,Yes,No,58.0,Casual
156,31,Male,203.0,Yes,Yes,160.0,Hardcore
1151,30,Male,429.0,Yes,Yes,232.0,Hardcore
1702,16,Female,424.0,Yes,Yes,442.0,Hardcore
1556,23,Male,274.0,Yes,Yes,372.0,Hardcore
1892,39,Female,56.0,No,No,105.0,Casual
1938,26,Female,161.0,No,Yes,136.0,Casual
990,16,Female,237.0,Yes,Yes,451.0,Hardcore
339,29,Female,512.0,Yes,Yes,194.0,Hardcore
1506,29,Male,326.0,Yes,Yes,238.0,Hardcore
696,30,Female,546.0,Yes,Yes,467.0,Hardcore
1314,32,Female,146.0,No,Yes,14.0,Casual
1910,36,Female,440.0,No,Yes,208.0,Hardcore
510,40,Male,32.0,Yes,No,13.0,Casual
562,17,Female,113.0,No,No,9.0,Casual
1340,44,Female,102.0,No,No,47.0,Casual
1836,25,Male,438.0,No,Yes,143.0,Hardcore
1424,23,Female,303.0,Yes,Yes,159.0,Hardcore
744,23,Female,67.0,Yes,Yes,23.0,Casual
1897,41,Male,69.0,No,No,41.0,Casual
1279,16,Male,572.0,Yes,Yes,171.0,Hardcore
259,15,Female,507.0,Yes,Yes,273.0,Hardcore
1007,17,Female,512.0,Yes,Yes,150.0,Hardcore
944,28,Male,149.0,No,No,79.0,Casual
167,27,Male,414.0,Yes,Yes,376.0,Hardcore
73,34,Male,111.0,No,No,32.0,Casual
1265,21,Male,222.0,Yes,Yes,303.0,Hardcore
191,31,Female,353.0,Yes,Yes,391.0,Hardcore
1679,30,Female,508.0,Yes,Yes,411.0,Hardcore
1362,19,Female,337.0,Yes,Yes,169.0,Hardcore
413,29,Female,197.0,Yes,Yes,255.0,Hardcore
333,16,Female,518.0,Yes,Yes,296.0,Hardcore
1927,34,Male,190.0,No,Yes,68.0,Casual
867,39,Male,71.0,Yes,No,97.0,Casual
734,37,Female,62.0,No,No,99.0,Casual
266,22,Female,381.0,Yes,Yes,206.0,Hardcore
345,16,Male,338.0,Yes,Yes,273.0,Hardcore
1363,21,Female,301.0,Yes,Yes,190.0,Hardcore
109,37,Male,150.0,No,No,84.0,Casual
87,30,Male,539.0,Yes,Yes,224.0,Hardcore
524,29,Male,590.0,Yes,Yes,432.0,Hardcore
988,31,Female,58.0,No,No,91.0,Casual
1231,21,Female,382.0,Yes,Yes,210.0,Hardcore
430,22,Female,143.0,No,No,80.0,Casual
1489,29,Male,131.0,Yes,No,38.0,Casual
1456,26,Male,56.0,No,No,3.0,Casual
1294,33,Male,484.0,Yes,Yes,374.0,Hardcore
1465,25,Male,90.0,No,No,74.0,Casual
1469,25,Male,302.0,Yes,Yes,283.0,Hardcore
262,19,Female,229.0,Yes,Yes,168.0,Hardcore
96,17,Male,292.0,Yes,Yes,474.0,Hardcore
1412,16,Male,502.0,Yes,Yes,260.0,Hardcore
230,42,Female,124.0,No,No,56.0,Casual
1746,40,Male,587.0,No,Yes,222.0,Hardcore
701,31,Female,262.0,Yes,Yes,191.0,Hardcore
538,36,Male,108.0,Yes,No,3.0,Casual
423,27,Female,591.0,Yes,Yes,280.0,Hardcore
443,30,Male,136.0,Yes,No,10.0,Casual
1429,15,Female,555.0,Yes,Yes,153.0,Hardcore
889,18,Male,78.0,No,No,56.0,Casual
1405,20,Male,127.0,No,Yes,50.0,Casual
669,17,Male,121.0,No,No,24.0,Casual
779,35,Male,146.0,No,No,57.0,Casual
153,19,Female,235.0,Yes,Yes,328.0,Hardcore
1002,32,Female,573.0,Yes,Yes,224.0,Hardcore
685,28,Female,246.0,Yes,Yes,340.0,Hardcore
1785,27,Female,178.0,Yes,Yes,145.0,Hardcore
1167,16,Female,369.0,Yes,Yes,301.0,Hardcore
1235,38,Female,47.0,No,No,64.0,Casual
1612,28,Male,150.0,Yes,Yes,125.0,Hardcore
772,18,Male,309.0,Yes,Yes,276.0,Hardcore
1901,40,Male,152.0,Yes,Yes,217.0,Hardcore
847,22,Male,306.0,Yes,Yes,412.0,Hardcore
699,29,Male,484.0,Yes,Yes,293.0,Hardcore
500,32,Male,465.0,Yes,Yes,379.0,Hardcore
1517,28,Male,61.0,No,No,97.0,Casual
921,18,Male,93.0,No,No,77.0,Casual
766,28,Female,61.0,No,Yes,0.0,Casual
1384,34,Female,590.0,Yes,Yes,222.0,Hardcore
1427,19,Male,100.0,No,No,36.0,Casual
228,24,Female,203.0,Yes,Yes,173.0,Hardcore
858,35,Male,221.0,Yes,Yes,473.0,Hardcore
997,19,Female,84.0,No,No,44.0,Casual
390,17,Male,55.0,No,No,42.0,Casual
91,29,Male,500.0,Yes,Yes,342.0,Hardcore
1295,34,Female,66.0,No,No,92.0,Casual
850,19,Male,287.0,Yes,Yes,175.0,Hardcore
154,24,Female,397.0,Yes,Yes,465.0,Hardcore
918,23,Male,581.0,Yes,Yes,187.0,Hardcore
1451,22,Male,61.0,No,No,98.0,Casual
1147,22,Female,405.0,Yes,Yes,156.0,Hardcore
1915,35,Male,426.0,Yes,Yes,441.0,Hardcore
1923,37,Male,107.0,Yes,No,47.0,Casual
836,20,Male,71.0,No,No,18.0,Casual
1675,36,Female,455.0,Yes,Yes,340.0,Hardcore
947,27,Male,210.0,Yes,Yes,224.0,Hardcore
1985,43,Male,162.0,No,No,105.0,Casual
461,43,Female,116.0,Yes,Yes,86.0,Casual
532,40,Female,56.0,Yes,No,24.0,Casual
1104,24,Female,375.0,Yes,Yes,479.0,Hardcore
908,25,Male,58.0,No,No,13.0,Casual
303,19,Male,143.0,Yes,No,83.0,Casual
40,41,Male,43.0,No,No,35.0,Casual
1521,23,Male,444.0,Yes,Yes,158.0,Hardcore
43,23,Female,513.0,Yes,Yes,371.0,Hardcore
598,32,Male,394.0,Yes,Yes,428.0,Hardcore
1394,30,Male,401.0,Yes,Yes,310.0,Hardcore
1828,33,Male,61.0,No,Yes,85.0,Casual
1212,17,Female,74.0,No,No,58.0,Casual
1029,23,Male,594.0,Yes,Yes,194.0,Hardcore
843,26,Male,570.0,Yes,Yes,431.0,Hardcore
1861,44,Male,197.0,No,Yes,78.0,Casual
1557,28,Female,385.0,Yes,Yes,465.0,Hardcore
1592,31,Female,265.0,Yes,Yes,211.0,Hardcore
1902,29,Male,589.0,Yes,Yes,214.0,Hardcore
550,25,Male,475.0,Yes,Yes,455.0,Hardcore
737,26,Female,72.0,No,No,78.0,Casual
504,22,Female,325.0,Yes,Yes,420.0,Hardcore
224,22,Female,295.0,Yes,Yes,258.0,Hardcore
1660,15,Female,97.0,No,No,122.0,Casual
1016,42,Female,88.0,No,No,57.0,Casual
1735,22,Female,85.0,Yes,No,87.0,Casual
169,36,Female,76.0,Yes,No,36.0,Casual
1149,30,Female,135.0,No,No,6.0,Casual
586,35,Female,231.0,Yes,Yes,260.0,Hardcore
226,17,Female,503.0,Yes,Yes,420.0,Hardcore
1026,34,Female,281.0,Yes,Yes,359.0,Hardcore
1106,30,Male,259.0,Yes,Yes,156.0,Hardcore
1745,18,Male,164.0,No,Yes,50.0,Casual
402,22,Female,566.0,Yes,Yes,442.0,Hardcore
1174,20,Female,376.0,Yes,Yes,415.0,Hardcore
1128,29,Male,200.0,Yes,Yes,320.0,Hardcore
5,25,Male,126.0,No,No,38.0,Casual
1497,35,Male,275.0,Yes,Yes,461.0,Hardcore
1943,19,Male,53.0,No,No,110.0,Casual
700,32,Female,358.0,Yes,Yes,221.0,Hardcore
213,31,Male,272.0,Yes,Yes,476.0,Hardcore
881,29,Female,108.0,No,No,18.0,Casual
1966,16,Male,281.0,Yes,Yes,108.0,Hardcore
1300,35,Male,436.0,Yes,Yes,444.0,Hardcore
1610,32,Male,342.0,No,Yes,314.0,Hardcore
1516,25,Female,560.0,Yes,Yes,417.0,Hardcore
1410,18,Female,592.0,Yes,Yes,422.0,Hardcore
533,30,Male,343.0,Yes,Yes,373.0,Hardcore
683,25,Female,34.0,No,No,1.0,Casual
745,44,Female,100.0,No,No,54.0,Casual
214,24,Male,49.0,No,Yes,90.0,Casual
1734,23,Female,356.0,Yes,Yes,154.0,Hardcore
522,30,Female,543.0,Yes,Yes,388.0,Hardcore
803,24,Male,35.0,No,No,17.0,Casual
657,30,Male,128.0,No,No,86.0,Casual
770,30,Female,383.0,Yes,Yes,205.0,Hardcore
1067,19,Male,476.0,Yes,Yes,279.0,Hardcore
115,26,Female,483.0,Yes,Yes,257.0,Hardcore
1879,44,Female,87.0,Yes,No,117.0,Casual
157,26,Male,54.0,No,No,82.0,Casual
1792,28,Female,239.0,No,Yes,431.0,Hardcore
526,16,Male,92.0,No,No,42.0,Casual
99,26,Female,44.0,No,No,36.0,Casual
559,34,Female,150.0,No,No,59.0,Casual
811,27,Male,117.0,No,No,13.0,Casual
1978,41,Female,532.0,Yes,Yes,183.0,Hardcore
1960,15,Female,147.0,No,No,5.0,Casual
1035,23,Male,309.0,Yes,Yes,395.0,Hardcore
1402,33,Female,126.0,No,No,97.0,Casual
681,27,Male,347.0,Yes,Yes,158.0,Hardcore
6,22,Female,118.0,No,No,68.0,Casual
1325,34,Female,57.0,No,No,30.0,Casual
1771,36,Male,134.0,No,No,104.0,Casual
92,32,Female,336.0,Yes,Yes,351.0,Hardcore
1699,34,Female,169.0,Yes,Yes,53.0,Casual
1606,44,Male,295.0,Yes,Yes,467.0,Hardcore
294,20,Male,388.0,Yes,Yes,222.0,Hardcore
1609,33,Female,126.0,No,No,76.0,Casual
1206,32,Female,218.0,Yes,Yes,442.0,Hardcore
540,16,Male,503.0,Yes,Yes,449.0,Hardcore
1204,26,Male,49.0,No,No,58.0,Casual
1344,28,Male,106.0,Yes,Yes,83.0,Casual
1768,37,Male,74.0,No,No,8.0,Casual
1356,30,Female,524.0,Yes,Yes,157.0,Hardcore
673,43,Female,142.0,No,No,34.0,Casual
1117,33,Male,49.0,No,No,29.0,Casual
488,32,Male,199.0,Yes,Yes,347.0,Hardcore
291,26,Male,39.0,Yes,No,35.0,Casual
1278,21,Female,555.0,Yes,Yes,380.0,Hardcore
915,32,Male,275.0,Yes,Yes,252.0,Hardcore
120,38,Male,101.0,Yes,No,96.0,Casual
1435,24,Female,87.0,Yes,No,70.0,Casual
1343,24,Female,424.0,Yes,Yes,215.0,Hardcore
1934,31,Male,95.0,Yes,No,117.0,Casual
1991,38,Male,321.0,Yes,Yes,245.0,Hardcore
1120,19,Male,594.0,Yes,Yes,250.0,Hardcore
808,35,Male,566.0,Yes,Yes,218.0,Hardcore
1909,35,Male,170.0,No,No,111.0,Casual
1177,21,Male,39.0,No,No,10.0,Casual
102,19,Female,457.0,Yes,Yes,217.0,Hardcore
1050,16,Male,36.0,No,No,4.0,Casual
1274,25,Male,221.0,Yes,Yes,434.0,Hardcore
537,20,Female,582.0,Yes,Yes,187.0,Hardcore
508,27,Female,149.0,Yes,Yes,83.0,Casual
1270,18,Female,65.0,No,No,94.0,Casual
168,24,Male,297.0,Yes,Yes,203.0,Hardcore
1706,26,Male,515.0,Yes,Yes,435.0,Hardcore
55,17,Male,121.0,No,No,44.0,Casual
1487,39,Female,145.0,No,No,48.0,Casual
68,40,Female,106.0,Yes,No,39.0,Casual
880,30,Female,330.0,Yes,Yes,305.0,Hardcore
1961,30,Male,483.0,Yes,No,112.0,Hardcore
287,33,Female,146.0,Yes,No,46.0,Casual
270,16,Male,566.0,Yes,Yes,415.0,Hardcore
1124,22,Female,373.0,Yes,Yes,272.0,Hardcore
1673,34,Female,543.0,Yes,Yes,170.0,Hardcore
1227,24,Male,31.0,No,No,33.0,Casual
1545,39,Male,108.0,No,No,46.0,Casual
1170,22,Female,489.0,Yes,Yes,368.0,Hardcore
610,22,Female,368.0,Yes,Yes,440.0,Hardcore
1571,43,Female,72.0,No,No,16.0,Casual
1776,41,Male,48.0,No,No,127.0,Casual
164,22,Female,572.0,Yes,Yes,365.0,Hardcore
1502,24,Male,91.0,No,No,64.0,Casual
965,34,Female,243.0,Yes,Yes,178.0,Hardcore
1425,15,Female,57.0,No,No,54.0,Casual
1066,32,Female,308.0,Yes,Yes,240.0,Hardcore
314,31,Female,586.0,Yes,Yes,194.0,Hardcore
1738,39,Female,324.0,Yes,Yes,399.0,Hardcore
1986,44,Male,48.0,No,Yes,145.0,Casual
1268,42,Female,50.0,No,No,21.0,Casual
343,25,Female,551.0,Yes,Yes,480.0,Hardcore
596,34,Female,556.0,Yes,Yes,418.0,Hardcore
588,15,Male,144.0,No,No,27.0,Casual
1720,26,Female,520.0,Yes,Yes,191.0,Hardcore
1282,29,Female,72.0,No,No,47.0,Casual
1689,43,Male,47.0,No,No,47.0,Casual
793,19,Male,121.0,No,No,70.0,Casual
879,35,Male,522.0,Yes,Yes,395.0,Hardcore
1884,35,Male,301.0,Yes,Yes,168.0,Hardcore
111,39,Male,48.0,No,No,97.0,Casual
1065,29,Female,145.0,Yes,Yes,93.0,Casual
1779,26,Male,281.0,Yes,Yes,197.0,Hardcore
286,15,Female,70.0,No,No,39.0,Casual
408,30,Female,40.0,No,No,68.0,Casual
653,33,Female,412.0,Yes,Yes,342.0,Hardcore
1666,38,Male,197.0,Yes,Yes,198.0,Hardcore
828,25,Male,413.0,Yes,Yes,431.0,Hardcore
478,26,Female,210.0,Yes,Yes,201.0,Hardcore
146,25,Female,533.0,Yes,Yes,276.0,Hardcore
661,25,Male,243.0,Yes,Yes,492.0,Hardcore
1926,44,Female,33.0,Yes,No,113.0,Casual
1458,16,Male,74.0,No,No,62.0,Casual
377,34,Female,139.0,No,No,62.0,Casual
416,26,Female,380.0,Yes,Yes,481.0,Hardcore
193,29,Female,590.0,Yes,Yes,375.0,Hardcore
1317,32,Male,583.0,Yes,Yes,426.0,Hardcore
602,27,Female,593.0,Yes,Yes,242.0,Hardcore
359,27,Male,557.0,Yes,Yes,259.0,Hardcore
1240,39,Female,130.0,No,No,38.0,Casual
1507,21,Male,596.0,Yes,Yes,234.0,Hardcore
358,44,Female,123.0,No,No,95.0,Casual
945,17,Female,64.0,No,No,10.0,Casual
1601,44,Female,513.0,Yes,Yes,226.0,Hardcore
1192,22,Male,298.0,Yes,Yes,235.0,Hardcore
1510,20,Female,412.0,Yes,Yes,370.0,Hardcore
49,44,Female,102.0,Yes,No,80.0,Casual
1667,28,Female,193.0,No,No,58.0,Casual
566,30,Female,65.0,No,No,22.0,Casual
845,25,Male,576.0,Yes,Yes,154.0,Hardcore
1234,15,Female,332.0,Yes,Yes,374.0,Hardcore
33,16,Female,404.0,Yes,Yes,283.0,Hardcore
1774,39,Male,402.0,No,Yes,358.0,Hardcore
1605,43,Female,46.0,No,No,143.0,Casual
1319,18,Female,338.0,Yes,Yes,191.0,Hardcore
1683,21,Male,400.0,Yes,Yes,279.0,Hardcore
738,31,Female,83.0,No,No,57.0,Casual
1034,41,Male,80.0,No,Yes,54.0,Casual
875,20,Male,106.0,Yes,No,63.0,Casual
552,26,Female,45.0,No,No,83.0,Casual
1511,34,Male,268.0,Yes,Yes,345.0,Hardcore
821,21,Male,199.0,Yes,Yes,365.0,Hardcore
1964,26,Female,593.0,Yes,Yes,130.0,Hardcore
1237,18,Female,580.0,Yes,Yes,242.0,Hardcore
1853,21,Female,44.0,No,No,88.0,Casual
1905,21,Male,397.0,Yes,No,422.0,Hardcore
1736,16,Female,37.0,Yes,No,39.0,Casual
492,30,Female,279.0,Yes,Yes,312.0,Hardcore
1375,16,Female,323.0,Yes,Yes,438.0,Hardcore
1339,19,Male,120.0,No,No,67.0,Casual
351,39,Male,65.0,Yes,No,61.0,Casual
1701,24,Female,76.0,No,No,149.0,Casual
1417,34,Female,112.0,No,No,70.0,Casual
1790,44,Male,148.0,No,No,43.0,Casual
963,15,Female,125.0,No,No,8.0,Casual
2000,19,Male,157.0,Yes,Yes,383.0,Hardcore
1267,34,Male,149.0,No,No,19.0,Casual
1334,17,Female,402.0,Yes,Yes,152.0,Hardcore
220,42,Female,70.0,Yes,No,10.0,Casual
1180,37,Male,41.0,No,No,30.0,Casual
565,34,Female,109.0,Yes,No,95.0,Casual
1649,38,Female,71.0,No,No,16.0,Casual
1023,36,Male,44.0,No,No,78.0,Casual
646,16,Male,247.0,Yes,Yes,451.0,Hardcore
267,31,Male,336.0,Yes,Yes,351.0,Hardcore
599,27,Male,140.0,No,No,28.0,Casual
1284,22,Male,132.0,Yes,No,80.0,Casual
718,43,Male,148.0,No,No,46.0,Casual
1490,20,Female,464.0,Yes,Yes,474.0,Hardcore
1047,21,Male,125.0,No,No,49.0,Casual
1569,15,Male,71.0,No,No,60.0,Casual
837,30,Male,430.0,Yes,Yes,459.0,Hardcore
1656,29,Male,377.0,Yes,Yes,113.0,Hardcore
26,30,Female,468.0,Yes,Yes,361.0,Hardcore
695,31,Female,93.0,No,No,59.0,Casual
570,26,Male,467.0,Yes,Yes,164.0,Hardcore
1916,21,Female,185.0,No,Yes,124.0,Casual
1594,16,Male,342.0,Yes,Yes,192.0,Hardcore
502,37,Male,72.0,Yes,No,93.0,Casual
1838,23,Female,567.0,Yes,Yes,330.0,Hardcore
475,39,Male,106.0,No,No,60.0,Casual
1855,17,Female,97.0,No,No,92.0,Casual
1209,17,Male,491.0,Yes,Yes,284.0,Hardcore
667,26,Female,86.0,No,No,44.0,Casual
873,33,Female,347.0,Yes,Yes,197.0,Hardcore
442,43,Male,150.0,No,No,61.0,Casual
851,27,Female,114.0,No,No,90.0,Casual
1984,31,Female,216.0,Yes,Yes,474.0,Hardcore
1526,22,Male,504.0,Yes,Yes,332.0,Hardcore
105,30,Female,142.0,No,No,20.0,Casual
613,18,Male,226.0,Yes,Yes,400.0,Hardcore
703,16,Male,54.0,Yes,No,5.0,Casual
1716,17,Female,195.0,Yes,Yes,70.0,Casual
148,19,Male,55.0,No,No,80.0,Casual
651,33,Female,428.0,Yes,Yes,352.0,Hardcore
1069,24,Female,87.0,No,No,14.0,Casual
1992,26,Female,435.0,Yes,Yes,184.0,Hardcore
16,19,Male,591.0,Yes,Yes,251.0,Hardcore
839,30,Male,197.0,Yes,Yes,206.0,Hardcore
593,16,Male,101.0,No,No,6.0,Casual
1845,31,Male,54.0,Yes,No,86.0,Casual
1732,31,Male,74.0,No,No,43.0,Casual
715,18,Female,90.0,No,Yes,23.0,Casual
1883,22,Male,185.0,No,No,69.0,Casual
759,15,Male,581.0,Yes,Yes,194.0,Hardcore
1773,41,Male,221.0,No,Yes,128.0,Hardcore
1347,25,Male,145.0,No,No,15.0,Casual
993,35,Male,87.0,No,No,81.0,Casual
896,29,Male,456.0,Yes,Yes,167.0,Hardcore
1037,24,Male,248.0,Yes,Yes,207.0,Hardcore
155,27,Female,392.0,Yes,Yes,384.0,Hardcore
265,40,Female,83.0,No,Yes,23.0,Casual
659,30,Female,101.0,No,Yes,84.0,Casual
1327,19,Male,347.0,Yes,Yes,305.0,Hardcore
812,22,Male,67.0,No,No,40.0,Casual
925,16,Male,559.0,Yes,Yes,295.0,Hardcore
1611,15,Female,384.0,Yes,Yes,114.0,Hardcore
1100,33,Female,272.0,Yes,Yes,425.0,Hardcore
1728,37,Female,291.0,Yes,No,222.0,Hardcore
1777,22,Male,64.0,Yes,Yes,137.0,Casual
765,21,Male,348.0,Yes,Yes,318.0,Hardcore
1695,16,Female,386.0,Yes,Yes,364.0,Hardcore
1822,38,Female,83.0,No,No,31.0,Casual
1471,24,Female,147.0,No,No,58.0,Casual
123,42,Female,115.0,No,No,41.0,Casual
1864,26,Female,174.0,No,No,12.0,Casual
1276,24,Female,221.0,Yes,Yes,499.0,Hardcore
1130,27,Female,485.0,Yes,Yes,300.0,Hardcore
293,22,Male,270.0,Yes,Yes,387.0,Hardcore
1878,26,Female,492.0,Yes,Yes,326.0,Hardcore
946,43,Female,146.0,No,No,33.0,Casual
369,30,Female,120.0,Yes,Yes,90.0,Casual
233,29,Female,358.0,Yes,Yes,491.0,Hardcore
2,34,Female,97.0,No,No,84.0,Casual
776,15,Female,545.0,Yes,Yes,269.0,Hardcore
1638,37,Male,274.0,Yes,Yes,463.0,Hardcore
1840,16,Female,159.0,Yes,No,83.0,Casual
541,21,Female,316.0,Yes,Yes,255.0,Hardcore
1463,34,Male,374.0,Yes,Yes,307.0,Hardcore
741,37,Female,81.0,Yes,No,89.0,Casual
125,42,Female,59.0,Yes,No,18.0,Casual
1184,42,Male,134.0,Yes,No,35.0,Casual
1993,29,Female,472.0,Yes,Yes,117.0,Hardcore
1308,18,Male,39.0,Yes,No,49.0,Casual
1661,42,Female,90.0,No,No,1.0,Casual
1181,28,Male,116.0,No,No,21.0,Casual
1246,17,Female,590.0,Yes,Yes,483.0,Hardcore
253,24,Female,126.0,Yes,No,64.0,Casual
984,30,Female,138.0,No,No,22.0,Casual
231,39,Female,89.0,No,No,9.0,Casual
139,35,Female,500.0,Yes,Yes,382.0,Hardcore
1715,26,Female,585.0,Yes,Yes,487.0,Hardcore
1447,30,Male,409.0,Yes,Yes,429.0,Hardcore
1955,43,Female,42.0,No,No,101.0,Casual
112,44,Male,74.0,No,No,10.0,Casual
1817,29,Male,252.0,No,Yes,187.0,Hardcore
1123,33,Male,238.0,Yes,Yes,239.0,Hardcore
1359,25,Female,140.0,No,Yes,48.0,Casual
1975,27,Male,400.0,Yes,Yes,111.0,Hardcore
597,39,Male,104.0,Yes,No,10.0,Casual
181,37,Female,149.0,No,No,3.0,Casual
756,31,Female,45.0,No,No,9.0,Casual
816,41,Male,127.0,No,No,10.0,Casual
754,41,Female,46.0,Yes,Yes,43.0,Casual
65,23,Female,216.0,Yes,Yes,454.0,Hardcore
368,25,Male,455.0,Yes,Yes,289.0,Hardcore
985,20,Male,272.0,Yes,Yes,485.0,Hardcore
95,36,Male,77.0,No,Yes,64.0,Casual
36,26,Female,107.0,No,No,39.0,Casual
47,35,Female,229.0,Yes,Yes,404.0,Hardcore
819,19,Female,37.0,No,No,13.0,Casual
39,41,Female,107.0,No,No,18.0,Casual
374,38,Female,109.0,No,No,82.0,Casual
135,38,Male,45.0,No,No,33.0,Casual
364,23,Male,108.0,No,No,49.0,Casual
1922,41,Male,163.0,Yes,Yes,490.0,Hardcore
1907,37,Female,160.0,No,No,66.0,Casual
627,19,Female,35.0,No,No,84.0,Casual
1541,40,Female,88.0,Yes,No,76.0,Casual
587,35,Male,72.0,No,No,41.0,Casual
1190,33,Female,478.0,Yes,Yes,494.0,Hardcore
437,31,Female,328.0,Yes,Yes,261.0,Hardcore
1436,35,Male,381.0,Yes,Yes,486.0,Hardcore
198,32,Male,510.0,Yes,Yes,482.0,Hardcore
1390,29,Male,57.0,No,Yes,42.0,Casual
1224,27,Male,214.0,Yes,Yes,377.0,Hardcore
450,42,Female,97.0,No,Yes,35.0,Casual
25,26,Female,46.0,Yes,No,14.0,Casual
1032,23,Female,432.0,Yes,Yes,435.0,Hardcore
834,25,Female,522.0,Yes,Yes,326.0,Hardcore
79,43,Male,57.0,No,No,1.0,Casual
1837,16,Female,163.0,No,No,55.0,Casual
1970,16,Female,527.0,Yes,Yes,365.0,Hardcore
560,44,Female,80.0,No,No,26.0,Casual
820,43,Female,143.0,No,No,49.0,Casual
201,21,Female,40.0,No,Yes,86.0,Casual
1860,33,Female,492.0,Yes,Yes,440.0,Hardcore
1338,31,Male,73.0,No,No,43.0,Casual
886,19,Male,476.0,Yes,Yes,380.0,Hardcore
1482,18,Male,557.0,Yes,Yes,495.0,Hardcore
469,43,Male,52.0,No,No,9.0,Casual
28,15,Female,380.0,Yes,Yes,297.0,Hardcore
1925,32,Male,91.0,No,Yes,35.0,Casual
728,30,Male,123.0,No,Yes,68.0,Casual
52,34,Male,326.0,Yes,Yes,175.0,Hardcore
1760,20,Female,81.0,Yes,No,119.0,Casual
1932,24,Female,71.0,No,No,62.0,Casual
1373,44,Male,110.0,No,Yes,4.0,Casual
1648,17,Male,190.0,Yes,Yes,434.0,Hardcore
1351,17,Male,108.0,No,No,45.0,Casual
539,25,Male,184.0,Yes,Yes,492.0,Hardcore
690,43,Female,132.0,No,No,89.0,Casual
956,30,Female,258.0,Yes,Yes,319.0,Hardcore
1952,38,Male,110.0,No,No,93.0,Casual
788,24,Female,46.0,No,No,55.0,Casual
861,33,Female,400.0,Yes,Yes,232.0,Hardcore
1877,29,Female,181.0,Yes,No,96.0,Casual
1619,31,Female,550.0,Yes,Yes,257.0,Hardcore
136,15,Female,45.0,No,No,89.0,Casual
986,28,Male,345.0,Yes,Yes,308.0,Hardcore
440,19,Female,38.0,Yes,No,98.0,Casual
1583,32,Female,536.0,Yes,Yes,308.0,Hardcore
84,31,Female,83.0,Yes,No,44.0,Casual
856,34,Female,83.0,No,No,97.0,Casual
926,31,Male,287.0,Yes,Yes,271.0,Hardcore
1474,20,Female,112.0,No,No,51.0,Casual
260,23,Female,82.0,No,No,16.0,Casual
1004,31,Female,383.0,Yes,Yes,156.0,Hardcore
41,15,Female,465.0,Yes,Yes,414.0,Hardcore
1737,27,Female,419.0,No,Yes,330.0,Hardcore
1052,25,Male,448.0,Yes,Yes,310.0,Hardcore
1564,20,Female,525.0,Yes,Yes,485.0,Hardcore
56,19,Male,137.0,Yes,No,54.0,Casual
1208,34,Female,143.0,Yes,No,61.0,Casual
1979,21,Male,453.0,Yes,Yes,215.0,Hardcore
751,39,Male,122.0,No,No,0.0,Casual
363,35,Female,201.0,Yes,Yes,219.0,Hardcore
824,22,Female,53.0,No,No,20.0,Casual
1654,36,Female,94.0,No,Yes,75.0,Casual
1890,20,Female,46.0,No,No,51.0,Casual
514,24,Male,253.0,Yes,Yes,355.0,Hardcore
1684,15,Male,298.0,Yes,Yes,355.0,Hardcore
277,41,Male,94.0,No,No,52.0,Casual
928,42,Male,148.0,No,No,44.0,Casual
1895,26,Male,97.0,No,No,46.0,Casual
768,33,Female,59.0,Yes,No,80.0,Casual
1042,35,Male,132.0,Yes,No,99.0,Casual
807,25,Male,314.0,Yes,Yes,218.0,Hardcore
1657,19,Male,587.0,No,Yes,377.0,Hardcore
891,15,Female,326.0,Yes,Yes,455.0,Hardcore
1039,37,Female,99.0,No,No,2.0,Casual
855,19,Female,188.0,Yes,Yes,161.0,Hardcore
941,30,Female,51.0,No,No,98.0,Casual
558,23,Male,255.0,Yes,Yes,495.0,Hardcore
1687,33,Female,91.0,No,No,36.0,Casual
23,23,Male,359.0,Yes,Yes,183.0,Hardcore
948,23,Male,245.0,Yes,Yes,219.0,Hardcore
1842,23,Male,431.0,Yes,Yes,369.0,Hardcore
1172,40,Male,139.0,No,No,8.0,Casual
1500,19,Female,55.0,No,No,89.0,Casual
407,16,Female,345.0,Yes,Yes,493.0,Hardcore
1122,32,Male,567.0,Yes,Yes,363.0,Hardcore
535,25,Male,213.0,Yes,Yes,290.0,Hardcore
116,27,Male,99.0,No,No,74.0,Casual
1642,21,Female,225.0,Yes,Yes,124.0,Hardcore
1995,24,Male,138.0,No,No,111.0,Casual
484,29,Female,139.0,No,No,14.0,Casual
561,29,Male,86.0,Yes,No,11.0,Casual
1807,25,Male,307.0,Yes,Yes,334.0,Hardcore
447,31,Male,128.0,No,No,20.0,Casual
1098,29,Male,424.0,Yes,Yes,419.0,Hardcore
1215,22,Female,383.0,Yes,Yes,362.0,Hardcore
1121,42,Male,143.0,No,No,83.0,Casual
180,15,Female,510.0,Yes,Yes,413.0,Hardcore
878,26,Female,491.0,Yes,Yes,345.0,Hardcore
876,31,Female,593.0,Yes,Yes,344.0,Hardcore
1148,32,Female,369.0,Yes,Yes,202.0,Hardcore
1552,41,Male,126.0,No,No,89.0,Casual
1311,17,Male,54.0,No,No,75.0,Casual
1232,40,Female,112.0,No,Yes,65.0,Casual
1854,17,Female,166.0,Yes,No,106.0,Casual
1448,38,Female,94.0,No,Yes,75.0,Casual
274,31,Male,140.0,No,No,21.0,Casual
1593,17,Female,284.0,Yes,Yes,467.0,Hardcore
1865,33,Female,336.0,Yes,Yes,237.0,Hardcore
902,31,Male,266.0,Yes,Yes,350.0,Hardcore
1833,44,Male,175.0,Yes,No,113.0,Casual
1119,19,Male,141.0,No,No,18.0,Casual
271,24,Female,387.0,Yes,Yes,151.0,Hardcore
1048,23,Male,346.0,Yes,Yes,337.0,Hardcore
1962,27,Male,254.0,Yes,Yes,113.0,Hardcore
409,28,Male,445.0,Yes,Yes,277.0,Hardcore
1650,37,Female,143.0,No,No,47.0,Casual
258,36,Male,96.0,Yes,Yes,50.0,Casual
1249,18,Female,46.0,No,No,86.0,Casual
643,36,Female,72.0,No,Yes,42.0,Casual
263,18,Male,226.0,Yes,Yes,316.0,Hardcore
795,37,Female,74.0,No,No,67.0,Casual
740,27,Female,69.0,No,No,67.0,Casual
743,34,Female,358.0,Yes,Yes,347.0,Hardcore
439,15,Male,563.0,Yes,Yes,329.0,Hardcore
755,33,Male,137.0,No,No,67.0,Casual
132,20,Female,563.0,Yes,Yes,409.0,Hardcore
1379,18,Male,507.0,Yes,Yes,172.0,Hardcore
518,28,Male,74.0,No,No,63.0,Casual
1501,22,Male,101.0,Yes,Yes,89.0,Casual
890,20,Female,487.0,Yes,Yes,445.0,Hardcore
1751,37,Female,283.0,Yes,Yes,107.0,Hardcore
1936,38,Male,566.0,Yes,Yes,284.0,Hardcore
815,32,Female,33.0,No,No,11.0,Casual
1653,22,Female,493.0,No,Yes,224.0,Hardcore
578,21,Female,275.0,Yes,Yes,224.0,Hardcore
1044,22,Male,293.0,Yes,Yes,404.0,Hardcore
1674,19,Female,594.0,Yes,Yes,415.0,Hardcore
726,31,Female,79.0,No,No,16.0,Casual
1197,23,Male,360.0,Yes,Yes,498.0,Hardcore
719,39,Female,127.0,No,No,31.0,Casual
1243,17,Male,187.0,Yes,Yes,493.0,Hardcore
72,31,Male,337.0,Yes,Yes,364.0,Hardcore
183,18,Male,303.0,Yes,Yes,367.0,Hardcore
1355,19,Male,252.0,Yes,Yes,462.0,Hardcore
638,23,Male,281.0,Yes,Yes,375.0,Hardcore
621,29,Male,50.0,No,No,61.0,Casual
1513,15,Female,402.0,Yes,Yes,270.0,Hardcore
1176,17,Female,548.0,Yes,Yes,382.0,Hardcore
1871,43,Male,175.0,Yes,Yes,125.0,Hardcore
645,18,Female,56.0,No,No,95.0,Casual
179,19,Male,146.0,No,Yes,50.0,Casual
468,34,Male,97.0,No,No,98.0,Casual
1518,15,Male,363.0,Yes,Yes,419.0,Hardcore
1028,15,Female,81.0,Yes,No,4.0,Casual
1810,41,Male,155.0,Yes,No,172.0,Hardcore
1453,25,Female,426.0,Yes,Yes,308.0,Hardcore
893,39,Female,137.0,No,Yes,0.0,Casual
200,37,Female,77.0,No,Yes,61.0,Casual
302,38,Female,114.0,No,No,73.0,Casual
555,27,Male,425.0,Yes,Yes,357.0,Hardcore
1341,42,Male,131.0,No,No,57.0,Casual
346,21,Female,108.0,No,No,72.0,Casual
1388,21,Female,514.0,Yes,Yes,180.0,Hardcore
1484,22,Female,134.0,No,No,42.0,Casual
81,29,Male,41.0,No,No,44.0,Casual
189,34,Male,228.0,Yes,Yes,324.0,Hardcore
806,25,Female,334.0,Yes,Yes,202.0,Hardcore
1342,27,Female,390.0,Yes,Yes,226.0,Hardcore
1310,18,Male,472.0,Yes,Yes,281.0,Hardcore
609,17,Female,147.0,No,No,93.0,Casual
581,34,Male,516.0,Yes,Yes,343.0,Hardcore
1558,19,Female,291.0,Yes,Yes,500.0,Hardcore
1365,17,Male,56.0,No,No,37.0,Casual
1244,35,Female,126.0,Yes,Yes,73.0,Casual
1432,18,Female,38.0,No,No,69.0,Casual
1782,35,Male,430.0,Yes,Yes,474.0,Hardcore
1857,19,Male,512.0,Yes,Yes,173.0,Hardcore
753,24,Male,244.0,Yes,Yes,249.0,Hardcore
406,18,Male,280.0,Yes,Yes,431.0,Hardcore
219,20,Female,34.0,No,No,97.0,Casual
716,28,Female,517.0,Yes,Yes,199.0,Hardcore
361,19,Male,125.0,No,No,83.0,Casual
912,17,Male,444.0,Yes,Yes,420.0,Hardcore
1756,35,Female,36.0,No,Yes,142.0,Casual
1885,31,Female,465.0,No,Yes,202.0,Hardcore
328,21,Male,91.0,No,No,2.0,Casual
8,35,Female,130.0,No,No,46.0,Casual
987,42,Female,150.0,No,No,87.0,Casual
394,28,Male,140.0,No,No,86.0,Casual
1134,31,Female,107.0,No,No,65.0,Casual
1889,30,Female,167.0,No,No,54.0,Casual
1508,19,Female,251.0,Yes,Yes,447.0,Hardcore
38,31,Female,32.0,No,No,83.0,Casual
568,32,Female,133.0,No,No,77.0,Casual
1862,20,Female,518.0,Yes,Yes,116.0,Hardcore
1144,36,Female,37.0,No,No,71.0,Casual
1806,22,Female,269.0,Yes,Yes,146.0,Hardcore
1403,25,Female,257.0,Yes,Yes,296.0,Hardcore
1724,44,Female,199.0,Yes,Yes,13.0,Casual
930,24,Female,595.0,Yes,Yes,152.0,Hardcore
955,38,Male,147.0,No,No,94.0,Casual
1326,15,Male,83.0,No,No,65.0,Casual
1913,28,Female,408.0,Yes,No,275.0,Hardcore
1156,18,Female,283.0,Yes,Yes,223.0,Hardcore
1046,33,Female,104.0,No,No,86.0,Casual
1621,44,Male,516.0,Yes,Yes,354.0,Hardcore
614,19,Male,68.0,Yes,No,38.0,Casual
1353,33,Male,369.0,Yes,Yes,201.0,Hardcore
1183,29,Male,84.0,No,No,89.0,Casual
1894,39,Female,154.0,Yes,No,41.0,Casual
635,18,Female,37.0,Yes,No,3.0,Casual
1038,29,Female,85.0,No,No,100.0,Casual
1008,30,Male,489.0,Yes,Yes,185.0,Hardcore
1640,42,Female,184.0,Yes,Yes,113.0,Casual
1809,31,Male,362.0,Yes,Yes,441.0,Hardcore
864,35,Female,280.0,Yes,Yes,158.0,Hardcore
1207,27,Female,147.0,No,No,53.0,Casual
1917,23,Female,426.0,Yes,Yes,415.0,Hardcore
1846,15,Male,52.0,No,No,140.0,Casual
1213,23,Female,92.0,No,No,69.0,Casual
1710,20,Female,136.0,No,No,116.0,Casual
818,35,Female,407.0,Yes,Yes,159.0,Hardcore
920,18,Female,399.0,Yes,Yes,307.0,Hardcore
1859,26,Female,46.0,No,No,63.0,Casual
785,34,Male,426.0,Yes,Yes,168.0,Hardcore
1575,28,Male,280.0,Yes,Yes,220.0,Hardcore
1935,28,Male,99.0,Yes,No,110.0,Casual
42,25,Male,268.0,Yes,Yes,291.0,Hardcore
350,30,Male,46.0,No,No,20.0,Casual
419,20,Male,516.0,Yes,Yes,378.0,Hardcore
121,40,Male,48.0,No,No,68.0,Casual
1565,34,Male,119.0,No,No,13.0,Casual
686,17,Female,296.0,Yes,Yes,416.0,Hardcore
960,27,Female,327.0,Yes,Yes,429.0,Hardcore
1280,39,Female,30.0,Yes,No,99.0,Casual
687,26,Male,71.0,Yes,No,11.0,Casual
675,25,Male,127.0,No,No,24.0,Casual
147,31,Female,228.0,Yes,Yes,228.0,Hardcore
1820,36,Male,425.0,Yes,Yes,259.0,Hardcore
1722,31,Male,53.0,Yes,No,8.0,Casual
1441,24,Female,460.0,Yes,Yes,406.0,Hardcore
1690,33,Male,573.0,Yes,Yes,472.0,Hardcore
1431,30,Female,235.0,Yes,Yes,260.0,Hardcore
1835,27,Female,244.0,Yes,Yes,208.0,Hardcore
531,35,Female,454.0,Yes,Yes,255.0,Hardcore
471,19,Male,360.0,Yes,Yes,460.0,Hardcore
895,29,Male,145.0,No,No,27.0,Casual
799,27,Female,266.0,Yes,Yes,228.0,Hardcore
1972,41,Male,165.0,Yes,Yes,375.0,Hardcore
162,37,Male,60.0,No,No,37.0,Casual
1937,17,Male,370.0,Yes,No,485.0,Hardcore
1378,39,Male,112.0,No,No,73.0,Casual
199,19,Female,57.0,No,No,67.0,Casual
1255,38,Female,77.0,No,No,98.0,Casual
1481,15,Male,464.0,Yes,Yes,238.0,Hardcore
1704,37,Male,492.0,Yes,Yes,157.0,Hardcore
59,27,Male,315.0,Yes,Yes,242.0,Hardcore
939,23,Female,534.0,Yes,Yes,486.0,Hardcore
75,15,Male,263.0,Yes,Yes,262.0,Hardcore
1658,17,Female,215.0,Yes,Yes,499.0,Hardcore
942,43,Male,41.0,No,No,38.0,Casual
317,24,Male,595.0,Yes,Yes,271.0,Hardcore
1944,25,Female,82.0,Yes,No,38.0,Casual
1988,26,Female,114.0,Yes,Yes,11.0,Casual
1090,25,Female,117.0,No,Yes,87.0,Casual
923,15,Female,267.0,Yes,Yes,366.0,Hardcore
338,27,Male,492.0,Yes,Yes,198.0,Hardcore
493,31,Female,587.0,Yes,Yes,466.0,Hardcore
1332,29,Female,87.0,No,No,81.0,Casual
297,25,Male,89.0,Yes,No,36.0,Casual
445,18,Female,69.0,Yes,No,49.0,Casual
1945,22,Male,516.0,Yes,Yes,381.0,Hardcore
724,34,Female,268.0,Yes,Yes,205.0,Hardcore
376,38,Male,72.0,No,No,86.0,Casual
1632,24,Male,135.0,No,Yes,22.0,Casual
852,32,Male,106.0,No,No,60.0,Casual
1891,22,Male,561.0,Yes,Yes,341.0,Hardcore
1582,29,Male,413.0,Yes,Yes,482.0,Hardcore
1203,44,Female,39.0,Yes,No,91.0,Casual
1900,27,Male,194.0,No,No,135.0,Casual
1118,25,Male,534.0,Yes,Yes,384.0,Hardcore
1135,21,Female,586.0,Yes,Yes,486.0,Hardcore
249,44,Female,110.0,No,No,31.0,Casual
386,15,Male,583.0,Yes,Yes,261.0,Hardcore
1540,25,Female,424.0,Yes,Yes,272.0,Hardcore
694,25,Female,278.0,Yes,Yes,231.0,Hardcore
1092,30,Female,125.0,No,No,43.0,Casual
1077,31,Male,69.0,No,No,75.0,Casual
312,19,Female,464.0,Yes,Yes,388.0,Hardcore
335,32,Male,236.0,Yes,Yes,381.0,Hardcore
269,21,Female,119.0,No,No,48.0,Casual
1958,27,Female,87.0,No,No,56.0,Casual
1304,31,Female,259.0,Yes,Yes,420.0,Hardcore
1971,44,Female,453.0,Yes,Yes,337.0,Hardcore
590,24,Female,446.0,Yes,Yes,303.0,Hardcore
1856,32,Female,249.0,Yes,Yes,491.0,Hardcore
240,34,Female,88.0,No,No,80.0,Casual
1063,15,Male,63.0,No,No,58.0,Casual
1520,40,Female,109.0,No,No,18.0,Casual
557,26,Female,268.0,Yes,Yes,471.0,Hardcore
473,15,Male,419.0,Yes,Yes,151.0,Hardcore
1054,27,Female,461.0,Yes,Yes,293.0,Hardcore
463,17,Female,268.0,Yes,Yes,215.0,Hardcore
444,33,Male,124.0,No,No,92.0,Casual
1175,38,Male,150.0,No,No,45.0,Casual
1152,21,Male,539.0,Yes,Yes,472.0,Hardcore
871,38,Female,33.0,No,No,70.0,Casual
161,19,Female,192.0,Yes,Yes,359.0,Hardcore
1185,27,Male,73.0,No,No,92.0,Casual
1686,35,Male,376.0,Yes,Yes,379.0,Hardcore
927,33,Female,497.0,Yes,Yes,446.0,Hardcore
1025,41,Male,109.0,Yes,Yes,61.0,Casual
623,21,Female,453.0,Yes,Yes,408.0,Hardcore
354,31,Male,31.0,No,Yes,43.0,Casual
528,29,Male,471.0,Yes,Yes,433.0,Hardcore
227,25,Male,96.0,No,No,62.0,Casual
859,22,Female,235.0,Yes,Yes,254.0,Hardcore
1210,26,Male,391.0,Yes,Yes,262.0,Hardcore
441,42,Male,109.0,No,No,96.0,Casual
1277,20,Female,144.0,No,No,1.0,Casual
865,16,Male,598.0,Yes,Yes,212.0,Hardcore
1137,20,Male,505.0,Yes,Yes,493.0,Hardcore
205,15,Female,187.0,Yes,Yes,243.0,Hardcore
1328,23,Male,134.0,No,No,9.0,Casual
370,27,Female,322.0,Yes,Yes,402.0,Hardcore
15,27,Female,554.0,Yes,Yes,170.0,Hardcore
1918,33,Female,140.0,No,No,114.0,Casual
1495,18,Female,149.0,Yes,No,59.0,Casual
108,32,Female,452.0,Yes,Yes,248.0,Hardcore
534,27,Female,535.0,Yes,Yes,179.0,Hardcore
78,26,Female,39.0,No,No,72.0,Casual
994,37,Male,105.0,No,No,23.0,Casual
1816,37,Male,207.0,Yes,Yes,331.0,Hardcore
1273,36,Female,64.0,No,No,57.0,Casual
670,25,Female,476.0,Yes,Yes,283.0,Hardcore
1951,29,Female,300.0,Yes,Yes,190.0,Hardcore
1480,17,Male,180.0,Yes,Yes,280.0,Hardcore
678,17,Male,99.0,No,No,38.0,Casual
464,35,Male,519.0,Yes,Yes,265.0,Hardcore
1681,21,Male,151.0,Yes,No,60.0,Casual
1931,41,Male,217.0,Yes,Yes,494.0,Hardcore
1615,32,Male,278.0,Yes,Yes,267.0,Hardcore
992,17,Female,361.0,Yes,Yes,274.0,Hardcore
1740,23,Female,51.0,No,No,46.0,Casual
1396,37,Female,100.0,Yes,No,29.0,Casual
310,24,Male,297.0,Yes,Yes,410.0,Hardcore
569,42,Female,45.0,Yes,No,60.0,Casual
762,16,Female,248.0,Yes,Yes,466.0,Hardcore
998,24,Male,94.0,No,Yes,23.0,Casual
32,26,Male,68.0,Yes,No,78.0,Casual
185,23,Male,44.0,No,No,16.0,Casual
122,39,Male,139.0,No,No,95.0,Casual
245,31,Female,180.0,Yes,Yes,316.0,Hardcore
1331,25,Male,47.0,Yes,No,48.0,Casual
462,30,Male,355.0,Yes,Yes,332.0,Hardcore
1921,32,Female,157.0,Yes,No,68.0,Casual
1033,28,Male,241.0,Yes,Yes,152.0,Hardcore
1188,20,Male,141.0,No,No,84.0,Casual
509,27,Female,426.0,Yes,Yes,416.0,Hardcore
77,21,Female,92.0,No,No,50.0,Casual
1385,33,Male,94.0,No,No,62.0,Casual
733,38,Male,33.0,No,No,42.0,Casual
1101,36,Female,85.0,No,No,32.0,Casual
784,39,Male,76.0,Yes,No,78.0,Casual
80,22,Male,32.0,No,No,80.0,Casual
466,42,Male,54.0,No,No,4.0,Casual
1613,33,Male,384.0,Yes,Yes,426.0,Hardcore
411,24,Male,402.0,Yes,Yes,462.0,Hardcore
786,28,Male,333.0,Yes,Yes,303.0,Hardcore
1757,24,Male,545.0,Yes,No,448.0,Hardcore
396,22,Male,418.0,Yes,Yes,372.0,Hardcore
1085,20,Female,54.0,No,No,69.0,Casual
304,18,Female,248.0,Yes,Yes,278.0,Hardcore
1111,41,Female,126.0,No,Yes,44.0,Casual
1665,17,Female,92.0,No,No,131.0,Casual
884,18,Female,428.0,Yes,Yes,266.0,Hardcore
1055,44,Female,55.0,No,No,1.0,Casual
1567,16,Male,460.0,Yes,Yes,338.0,Hardcore
141,33,Male,115.0,No,No,31.0,Casual
592,15,Female,409.0,Yes,Yes,369.0,Hardcore
1850,22,Female,328.0,Yes,No,127.0,Hardcore
325,17,Male,68.0,No,No,70.0,Casual
639,19,Male,142.0,No,No,79.0,Casual
1126,26,Female,572.0,Yes,Yes,340.0,Hardcore
34,18,Female,217.0,Yes,Yes,291.0,Hardcore
104,28,Male,116.0,No,No,31.0,Casual
465,17,Female,126.0,No,No,51.0,Casual
158,16,Male,66.0,No,No,47.0,Casual
194,28,Male,301.0,Yes,Yes,426.0,Hardcore
1948,37,Female,36.0,Yes,No,137.0,Casual
1483,17,Male,398.0,Yes,Yes,325.0,Hardcore
1590,32,Male,339.0,Yes,Yes,233.0,Hardcore
1305,25,Male,202.0,Yes,Yes,258.0,Hardcore
1636,42,Female,170.0,Yes,Yes,247.0,Hardcore
1485,17,Male,461.0,Yes,Yes,190.0,Hardcore
706,21,Female,107.0,No,No,53.0,Casual
288,25,Male,404.0,Yes,Yes,218.0,Hardcore
934,27,Female,504.0,Yes,Yes,368.0,Hardcore
1107,38,Male,45.0,No,No,20.0,Casual
530,17,Female,303.0,Yes,Yes,442.0,Hardcore
954,21,Female,418.0,Yes,Yes,282.0,Hardcore
860,23,Female,80.0,No,No,37.0,Casual
107,16,Male,576.0,Yes,Yes,260.0,Hardcore
1946,40,Female,139.0,Yes,No,62.0,Casual
397,36,Male,146.0,No,No,52.0,Casual
1893,32,Female,143.0,No,No,94.0,Casual
1723,24,Male,313.0,Yes,Yes,403.0,Hardcore
1061,39,Female,134.0,No,No,8.0,Casual
489,24,Male,46.0,Yes,No,6.0,Casual
1614,29,Male,189.0,No,No,80.0,Casual
382,23,Female,312.0,Yes,Yes,492.0,Hardcore
474,32,Male,80.0,No,No,75.0,Casual
244,21,Female,117.0,No,No,38.0,Casual
1791,40,Male,502.0,Yes,Yes,173.0,Hardcore
1001,19,Male,247.0,Yes,Yes,448.0,Hardcore
1024,31,Male,261.0,Yes,Yes,391.0,Hardcore
929,19,Female,63.0,Yes,No,49.0,Casual
1873,24,Male,268.0,Yes,Yes,451.0,Hardcore
1813,17,Female,255.0,Yes,Yes,451.0,Hardcore
966,32,Female,131.0,No,No,20.0,Casual
877,31,Male,421.0,Yes,Yes,273.0,Hardcore
456,28,Female,255.0,Yes,Yes,436.0,Hardcore
1886,37,Female,261.0,Yes,Yes,161.0,Hardcore
1872,31,Male,167.0,No,No,53.0,Casual
149,23,Male,485.0,Yes,Yes,413.0,Hardcore
1446,25,Female,596.0,Yes,Yes,485.0,Hardcore
1071,31,Male,93.0,No,No,23.0,Casual
1830,34,Male,194.0,No,No,93.0,Casual
1589,18,Female,479.0,Yes,Yes,270.0,Hardcore
652,15,Male,82.0,No,Yes,44.0,Casual
666,23,Male,526.0,Yes,Yes,283.0,Hardcore
854,30,Female,269.0,Yes,Yes,405.0,Hardcore
969,25,Male,64.0,No,Yes,24.0,Casual
1635,16,Male,157.0,Yes,No,30.0,Casual
732,21,Male,139.0,Yes,No,96.0,Casual
1010,34,Female,286.0,Yes,Yes,258.0,Hardcore
697,22,Male,134.0,No,No,54.0,Casual
1105,22,Female,40.0,No,No,93.0,Casual
1685,37,Female,437.0,Yes,No,487.0,Hardcore
1669,28,Male,500.0,Yes,Yes,420.0,Hardcore
1928,21,Male,96.0,Yes,No,35.0,Casual
501,21,Male,552.0,Yes,Yes,370.0,Hardcore
174,26,Male,283.0,Yes,Yes,241.0,Hardcore
1630,17,Male,151.0,Yes,No,486.0,Hardcore
51,26,Male,69.0,No,No,46.0,Casual
336,15,Female,77.0,No,No,5.0,Casual
1056,29,Male,75.0,Yes,No,17.0,Casual
320,29,Male,326.0,Yes,Yes,267.0,Hardcore
86,32,Female,96.0,No,No,40.0,Casual
1527,15,Female,357.0,Yes,Yes,244.0,Hardcore
400,34,Female,237.0,Yes,Yes,439.0,Hardcore
1293,23,Male,569.0,Yes,Yes,311.0,Hardcore
750,30,Female,48.0,No,No,0.0,Casual
612,30,Male,107.0,No,No,28.0,Casual
1302,40,Male,139.0,Yes,No,60.0,Casual
618,33,Female,223.0,Yes,Yes,349.0,Hardcore
517,35,Male,278.0,Yes,Yes,160.0,Hardcore
284,19,Female,57.0,Yes,No,72.0,Casual
1847,39,Female,375.0,Yes,Yes,405.0,Hardcore
1080,42,Male,95.0,No,No,93.0,Casual
898,28,Male,32.0,Yes,No,39.0,Casual
961,24,Female,307.0,Yes,Yes,156.0,Hardcore
1040,20,Male,305.0,Yes,Yes,202.0,Hardcore
1882,33,Female,400.0,Yes,Yes,261.0,Hardcore
1466,15,Female,259.0,Yes,Yes,160.0,Hardcore
1780,27,Female,453.0,Yes,Yes,239.0,Hardcore
1459,41,Female,94.0,No,No,65.0,Casual
1140,25,Male,223.0,Yes,Yes,481.0,Hardcore
403,22,Female,415.0,Yes,Yes,205.0,Hardcore
272,31,Male,55.0,No,No,28.0,Casual
246,27,Male,348.0,Yes,Yes,222.0,Hardcore
894,32,Male,120.0,No,Yes,55.0,Casual
349,40,Male,100.0,No,No,5.0,Casual
608,31,Female,367.0,Yes,Yes,153.0,Hardcore
1103,22,Female,120.0,Yes,No,33.0,Casual
1888,36,Male,518.0,Yes,No,265.0,Hardcore
874,35,Male,84.0,Yes,No,79.0,Casual
90,18,Female,600.0,Yes,Yes,156.0,Hardcore
1956,36,Male,100.0,Yes,No,126.0,Casual
1881,38,Male,459.0,Yes,Yes,215.0,Hardcore
1778,16,Male,168.0,No,Yes,76.0,Casual
165,19,Female,47.0,No,Yes,43.0,Casual
106,29,Male,132.0,No,No,62.0,Casual
1990,30,Female,336.0,Yes,Yes,154.0,Hardcore
1563,39,Female,136.0,Yes,No,74.0,Casual
1770,24,Female,39.0,Yes,No,149.0,Casual
722,20,Male,594.0,Yes,Yes,341.0,Hardcore
1166,42,Female,108.0,No,Yes,24.0,Casual
1528,37,Female,86.0,Yes,No,37.0,Casual
1081,25,Female,294.0,Yes,Yes,369.0,Hardcore
1579,21,Male,48.0,No,Yes,2.0,Casual
1714,35,Female,186.0,No,No,23.0,Casual
708,40,Male,100.0,No,No,62.0,Casual
1165,17,Female,555.0,Yes,Yes,236.0,Hardcore
1258,32,Male,468.0,Yes,Yes,290.0,Hardcore
647,30,Male,589.0,Yes,Yes,155.0,Hardcore
1015,16,Female,107.0,No,No,47.0,Casual
995,15,Female,244.0,Yes,Yes,358.0,Hardcore
1226,33,Female,100.0,No,Yes,61.0,Casual
1743,25,Female,521.0,Yes,Yes,344.0,Hardcore
1764,39,Female,542.0,Yes,Yes,182.0,Hardcore
1486,32,Male,40.0,Yes,Yes,59.0,Casual
626,16,Male,277.0,Yes,Yes,242.0,Hardcore
644,19,Female,47.0,No,No,91.0,Casual
152,23,Female,111.0,Yes,No,48.0,Casual
222,21,Male,378.0,Yes,Yes,452.0,Hardcore
1797,15,Male,314.0,No,Yes,443.0,Hardcore
1345,27,Male,212.0,Yes,Yes,301.0,Hardcore
483,27,Female,516.0,Yes,Yes,227.0,Hardcore
63,18,Male,126.0,No,No,48.0,Casual
1285,40,Male,115.0,No,No,32.0,Casual
1020,40,Male,135.0,No,Yes,68.0,Casual
1,34,Male,211.0,Yes,Yes,426.0,Hardcore
316,31,Male,425.0,Yes,Yes,438.0,Hardcore
166,18,Male,489.0,Yes,Yes,214.0,Hardcore
1620,32,Male,84.0,No,No,146.0,Casual
1566,33,Female,479.0,Yes,Yes,205.0,Hardcore
1289,17,Male,237.0,Yes,Yes,350.0,Hardcore
1959,32,Female,83.0,No,No,36.0,Casual
1568,38,Female,65.0,No,No,91.0,Casual
1504,42,Female,143.0,No,No,96.0,Casual
301,15,Female,182.0,Yes,Yes,391.0,Hardcore
1364,44,Male,52.0,No,Yes,8.0,Casual
1821,19,Male,572.0,Yes,No,467.0,Hardcore
1017,23,Male,181.0,Yes,Yes,392.0,Hardcore
1297,18,Male,264.0,Yes,Yes,177.0,Hardcore
800,29,Female,77.0,No,No,58.0,Casual
968,15,Female,290.0,Yes,Yes,487.0,Hardcore
1998,21,Female,53.0,No,No,60.0,Casual
1839,40,Female,134.0,No,Yes,20.0,Casual
1444,18,Male,105.0,No,No,42.0,Casual
1129,34,Male,265.0,Yes,Yes,298.0,Hardcore
1692,43,Female,223.0,Yes,Yes,403.0,Hardcore
1800,18,Female,223.0,Yes,Yes,427.0,Hardcore
348,30,Female,110.0,No,No,43.0,Casual
1133,16,Female,222.0,Yes,Yes,244.0,Hardcore
1718,40,Male,128.0,No,No,138.0,Casual
826,34,Male,399.0,Yes,Yes,462.0,Hardcore
1730,32,Female,587.0,Yes,Yes,131.0,Hardcore
428,34,Female,392.0,Yes,Yes,399.0,Hardcore
1233,16,Female,87.0,Yes,No,60.0,Casual
1795,36,Female,136.0,Yes,Yes,59.0,Casual
1532,35,Female,34.0,No,No,32.0,Casual
636,30,Female,224.0,Yes,Yes,285.0,Hardcore
1127,15,Female,82.0,No,No,74.0,Casual
1422,43,Male,53.0,Yes,No,45.0,Casual
1320,26,Female,99.0,No,No,16.0,Casual
210,33,Female,77.0,No,No,92.0,Casual
1439,15,Female,70.0,No,No,71.0,Casual
1808,18,Male,30.0,No,No,136.0,Casual
1171,31,Female,258.0,Yes,Yes,385.0,Hardcore
632,29,Male,592.0,Yes,Yes,272.0,Hardcore
1019,17,Male,426.0,Yes,Yes,161.0,Hardcore
629,33,Male,403.0,Yes,Yes,369.0,Hardcore
825,30,Male,114.0,No,No,32.0,Casual
290,35,Male,87.0,No,No,93.0,Casual
1131,40,Female,121.0,No,No,34.0,Casual
625,32,Male,190.0,Yes,Yes,217.0,Hardcore
1522,18,Female,73.0,No,No,17.0,Casual
584,37,Female,102.0,Yes,No,18.0,Casual
355,16,Male,109.0,No,No,11.0,Casual
935,17,Female,203.0,Yes,Yes,153.0,Hardcore
916,42,Female,61.0,No,Yes,38.0,Casual
1717,34,Female,214.0,Yes,Yes,284.0,Hardcore
134,23,Female,74.0,No,No,82.0,Casual
480,31,Female,361.0,Yes,Yes,484.0,Hardcore
1719,36,Male,376.0,Yes,Yes,176.0,Hardcore
1544,24,Male,392.0,Yes,Yes,471.0,Hardcore
1291,40,Male,128.0,No,No,21.0,Casual
331,23,Female,265.0,Yes,Yes,485.0,Hardcore
399,32,Male,190.0,Yes,Yes,247.0,Hardcore
1577,35,Female,89.0,No,No,22.0,Casual
1143,32,Male,389.0,Yes,Yes,355.0,Hardcore
1676,35,Female,349.0,Yes,Yes,315.0,Hardcore
393,32,Female,45.0,No,No,79.0,Casual
887,33,Male,189.0,Yes,Yes,277.0,Hardcore
1083,19,Female,280.0,Yes,Yes,170.0,Hardcore
1225,26,Male,135.0,Yes,No,96.0,Casual
1919,30,Female,67.0,No,No,115.0,Casual
761,33,Male,126.0,No,No,63.0,Casual
9,32,Female,417.0,Yes,Yes,253.0,Hardcore
1296,15,Female,65.0,No,Yes,25.0,Casual
1553,16,Female,126.0,No,Yes,100.0,Casual
257,41,Female,144.0,No,No,77.0,Casual
830,31,Male,100.0,No,No,17.0,Casual
1957,39,Male,418.0,No,Yes,158.0,Hardcore
1767,26,Male,561.0,Yes,Yes,258.0,Hardcore
196,43,Female,75.0,No,No,93.0,Casual
451,44,Male,81.0,No,No,99.0,Casual
1580,31,Female,134.0,No,Yes,54.0,Casual
634,21,Male,41.0,No,No,18.0,Casual
1251,26,Female,542.0,Yes,Yes,365.0,Hardcore
642,20,Female,458.0,Yes,Yes,320.0,Hardcore
900,16,Male,351.0,Yes,Yes,258.0,Hardcore
1266,25,Female,477.0,Yes,Yes,282.0,Hardcore
1189,17,Female,130.0,Yes,Yes,4.0,Casual
332,21,Male,297.0,Yes,Yes,382.0,Hardcore
1223,25,Male,557.0,Yes,Yes,429.0,Hardcore
1953,31,Male,554.0,Yes,Yes,444.0,Hardcore
383,22,Female,118.0,No,No,82.0,Casual
511,21,Female,142.0,No,No,73.0,Casual
334,35,Male,450.0,Yes,Yes,288.0,Hardcore
182,28,Male,58.0,No,No,27.0,Casual
832,32,Female,549.0,Yes,Yes,395.0,Hardcore
1322,27,Female,54.0,Yes,No,25.0,Casual
1727,28,Male,37.0,No,No,130.0,Casual
1360,23,Male,94.0,No,No,4.0,Casual
1269,15,Female,308.0,Yes,Yes,435.0,Hardcore
217,39,Female,143.0,Yes,Yes,19.0,Casual
1759,23,Female,44.0,No,No,92.0,Casual
1196,24,Male,46.0,No,No,7.0,Casual
1228,16,Female,510.0,Yes,Yes,178.0,Hardcore
1969,24,Female,162.0,Yes,Yes,8.0,Casual
1574,17,Male,184.0,Yes,Yes,399.0,Hardcore
1608,22,Male,154.0,Yes,No,20.0,Casual
767,34,Male,81.0,No,No,70.0,Casual
126,22,Male,461.0,Yes,Yes,262.0,Hardcore
1411,18,Female,240.0,Yes,Yes,272.0,Hardcore
255,38,Female,128.0,Yes,No,42.0,Casual
329,34,Female,146.0,No,No,15.0,Casual
1509,28,Male,437.0,Yes,Yes,424.0,Hardcore
1707,34,Female,178.0,Yes,No,61.0,Casual
215,27,Female,196.0,Yes,Yes,423.0,Hardcore
1616,16,Female,291.0,Yes,Yes,475.0,Hardcore
1823,15,Male,347.0,Yes,Yes,431.0,Hardcore
275,38,Male,108.0,No,No,95.0,Casual
1765,20,Female,249.0,Yes,Yes,162.0,Hardcore
1472,22,Male,87.0,No,No,38.0,Casual
748,44,Male,141.0,No,Yes,37.0,Casual
1599,33,Male,136.0,No,No,79.0,Casual
1851,24,Male,91.0,Yes,No,6.0,Casual
1099,30,Female,54.0,No,No,80.0,Casual
868,31,Female,346.0,Yes,Yes,367.0,Hardcore
1084,16,Male,114.0,No,No,37.0,Casual
1168,22,Female,318.0,Yes,Yes,325.0,Hardcore
774,19,Female,382.0,Yes,Yes,223.0,Hardcore
1562,38,Male,69.0,No,No,80.0,Casual
1967,37,Female,74.0,Yes,No,22.0,Casual
1624,18,Female,307.0,Yes,No,392.0,Hardcore
1788,35,Female,296.0,Yes,Yes,432.0,Hardcore
378,26,Female,230.0,Yes,Yes,298.0,Hardcore
1733,28,Female,171.0,Yes,No,79.0,Casual
1646,39,Male,412.0,Yes,Yes,349.0,Hardcore
773,19,Female,42.0,No,No,21.0,Casual
50,27,Female,244.0,Yes,Yes,157.0,Hardcore
330,15,Female,335.0,Yes,Yes,222.0,Hardcore
285,31,Female,582.0,Yes,Yes,397.0,Hardcore
749,17,Female,386.0,Yes,Yes,259.0,Hardcore
1550,15,Male,495.0,Yes,Yes,445.0,Hardcore
300,29,Female,267.0,Yes,Yes,473.0,Hardcore
395,34,Female,252.0,Yes,Yes,328.0,Hardcore
1380,22,Female,146.0,No,No,62.0,Casual
327,35,Male,484.0,Yes,Yes,252.0,Hardcore
548,15,Male,94.0,No,No,70.0,Casual
307,36,Male,125.0,No,No,48.0,Casual
853,42,Male,133.0,No,No,24.0,Casual
1030,17,Female,468.0,Yes,Yes,275.0,Hardcore
869,17,Female,526.0,Yes,Yes,493.0,Hardcore
1950,21,Male,397.0,Yes,Yes,468.0,Hardcore
909,26,Male,236.0,Yes,Yes,360.0,Hardcore
698,43,Male,43.0,No,Yes,6.0,Casual
616,39,Male,47.0,No,No,0.0,Casual
640,37,Male,85.0,No,Yes,88.0,Casual
1766,40,Male,439.0,Yes,Yes,274.0,Hardcore
913,20,Male,112.0,No,No,84.0,Casual
649,16,Male,517.0,Yes,Yes,487.0,Hardcore
1622,20,Male,124.0,Yes,No,23.0,Casual
1554,22,Female,266.0,Yes,Yes,419.0,Hardcore
573,17,Male,532.0,Yes,Yes,394.0,Hardcore
664,41,Female,74.0,No,No,46.0,Casual
10,30,Female,447.0,Yes,Yes,412.0,Hardcore
1262,34,Female,450.0,Yes,Yes,258.0,Hardcore
1009,33,Male,244.0,Yes,Yes,474.0,Hardcore
844,23,Male,433.0,Yes,Yes,337.0,Hardcore
46,44,Female,91.0,No,No,34.0,Casual
1488,15,Male,142.0,Yes,No,15.0,Casual
1110,34,Female,496.0,Yes,Yes,408.0,Hardcore
142,34,Male,189.0,Yes,Yes,203.0,Hardcore
1021,16,Female,38.0,No,No,17.0,Casual
1419,20,Female,475.0,Yes,Yes,155.0,Hardcore
1887,19,Male,592.0,No,Yes,357.0,Hardcore
1076,38,Male,99.0,No,No,27.0,Casual
628,28,Female,323.0,Yes,Yes,500.0,Hardcore
1397,24,Female,467.0,Yes,Yes,235.0,Hardcore
1415,43,Male,70.0,No,No,37.0,Casual
417,26,Male,89.0,No,Yes,17.0,Casual
495,23,Female,43.0,No,No,67.0,Casual
872,29,Female,228.0,Yes,Yes,381.0,Hardcore
769,29,Female,294.0,Yes,Yes,340.0,Hardcore
747,31,Female,58.0,No,No,64.0,Casual
1843,23,Male,157.0,No,No,60.0,Casual
1700,25,Female,446.0,Yes,Yes,289.0,Hardcore
1476,37,Female,108.0,No,No,52.0,Casual
1576,32,Male,42.0,Yes,No,99.0,Casual
691,33,Male,148.0,No,No,19.0,Casual
3,43,Male,145.0,Yes,No,39.0,Casual
1434,29,Male,549.0,Yes,Yes,277.0,Hardcore
725,17,Male,424.0,Yes,Yes,171.0,Hardcore
1358,28,Female,310.0,Yes,Yes,251.0,Hardcore
1330,23,Female,342.0,Yes,Yes,480.0,Hardcore
1983,44,Female,62.0,No,No,8.0,Casual
1876,31,Female,38.0,Yes,No,85.0,Casual
1219,21,Male,416.0,Yes,Yes,287.0,Hardcore
14,25,Male,41.0,No,No,0.0,Casual
547,25,Female,388.0,Yes,Yes,374.0,Hardcore
241,27,Female,39.0,No,No,47.0,Casual
1626,22,Male,154.0,No,No,40.0,Casual
1409,32,Male,335.0,Yes,Yes,387.0,Hardcore
175,29,Male,360.0,Yes,Yes,319.0,Hardcore
974,35,Female,356.0,Yes,Yes,367.0,Hardcore
1248,26,Female,191.0,Yes,Yes,305.0,Hardcore
978,35,Male,490.0,Yes,Yes,384.0,Hardcore
1027,26,Male,118.0,Yes,No,77.0,Casual
13,33,Male,439.0,Yes,Yes,395.0,Hardcore
892,25,Female,276.0,Yes,Yes,370.0,Hardcore
276,31,Female,134.0,No,No,1.0,Casual
1974,27,Male,444.0,Yes,Yes,217.0,Hardcore
1529,33,Male,107.0,No,No,88.0,Casual
1668,38,Male,124.0,Yes,Yes,102.0,Casual
337,29,Male,364.0,Yes,Yes,441.0,Hardcore
1421,18,Male,150.0,Yes,No,89.0,Casual
1815,16,Female,169.0,Yes,Yes,210.0,Hardcore
1631,24,Female,345.0,Yes,Yes,252.0,Hardcore
1586,36,Female,31.0,Yes,Yes,62.0,Casual
1428,29,Female,270.0,Yes,Yes,316.0,Hardcore
1095,24,Female,387.0,Yes,Yes,318.0,Hardcore
1819,36,Male,109.0,No,No,32.0,Casual
414,31,Female,346.0,Yes,Yes,162.0,Hardcore
620,21,Female,408.0,Yes,Yes,161.0,Hardcore
1711,44,Male,141.0,Yes,No,70.0,Casual
1154,15,Male,144.0,No,No,24.0,Casual
1400,29,Female,556.0,Yes,Yes,312.0,Hardcore
1252,27,Male,202.0,Yes,Yes,304.0,Hardcore
21,36,Male,105.0,No,No,20.0,Casual
1899,23,Female,173.0,Yes,Yes,328.0,Hardcore
794,17,Female,72.0,No,No,32.0,Casual
507,38,Female,92.0,No,No,4.0,Casual
1357,29,Male,295.0,Yes,Yes,466.0,Hardcore
595,35,Female,296.0,Yes,Yes,195.0,Hardcore
454,35,Male,92.0,Yes,Yes,3.0,Casual
1875,37,Female,109.0,No,No,140.0,Casual
1491,28,Female,210.0,Yes,Yes,261.0,Hardcore
605,31,Female,186.0,Yes,Yes,427.0,Hardcore
1494,26,Female,112.0,No,No,96.0,Casual
1852,39,Female,97.0,No,No,86.0,Casual
1115,34,Female,203.0,Yes,Yes,258.0,Hardcore
44,16,Male,247.0,Yes,Yes,413.0,Hardcore
426,20,Female,32.0,Yes,No,58.0,Casual
206,34,Male,260.0,Yes,Yes,336.0,Hardcore
497,16,Female,531.0,Yes,Yes,386.0,Hardcore
1752,19,Male,153.0,Yes,Yes,124.0,Hardcore
1257,23,Male,71.0,No,No,35.0,Casual
1531,27,Female,408.0,Yes,Yes,213.0,Hardcore
1060,34,Female,52.0,No,No,88.0,Casual
842,21,Male,111.0,No,No,1.0,Casual
1097,32,Female,195.0,Yes,Yes,376.0,Hardcore
1045,25,Female,140.0,Yes,Yes,24.0,Casual
1542,23,Male,70.0,No,No,87.0,Casual
1858,26,Male,41.0,No,No,95.0,Casual
1475,24,Male,292.0,Yes,Yes,449.0,Hardcore
1018,21,Male,130.0,Yes,No,28.0,Casual
295,18,Male,68.0,No,No,53.0,Casual
764,21,Male,55.0,No,No,28.0,Casual
949,32,Male,199.0,Yes,Yes,375.0,Hardcore
746,25,Female,241.0,Yes,Yes,435.0,Hardcore
1199,21,Female,355.0,Yes,Yes,245.0,Hardcore
1754,20,Female,466.0,Yes,No,133.0,Hardcore
1949,26,Male,362.0,No,No,186.0,Hardcore
117,33,Male,395.0,Yes,Yes,352.0,Hardcore
1546,40,Female,72.0,Yes,No,9.0,Casual
1973,37,Female,218.0,Yes,Yes,353.0,Hardcore
494,15,Female,79.0,No,No,12.0,Casual
76,23,Male,422.0,Yes,Yes,292.0,Hardcore
1416,15,Male,85.0,No,Yes,77.0,Casual
1377,29,Male,351.0,Yes,Yes,419.0,Hardcore
791,28,Female,53.0,Yes,No,48.0,Casual
53,33,Female,411.0,Yes,Yes,170.0,Hardcore
221,42,Male,50.0,No,No,18.0,Casual
775,23,Male,296.0,Yes,Yes,315.0,Hardcore
29,42,Male,116.0,No,No,57.0,Casual
1393,31,Female,90.0,No,No,50.0,Casual
35,33,Male,369.0,Yes,Yes,184.0,Hardcore
1912,21,Male,40.0,Yes,No,40.0,Casual
375,15,Male,90.0,No,No,65.0,Casual
1173,35,Male,292.0,Yes,Yes,354.0,Hardcore
1218,31,Female,350.0,Yes,Yes,444.0,Hardcore
1798,33,Male,60.0,Yes,Yes,11.0,Casual
684,26,Female,33.0,Yes,No,94.0,Casual
962,38,Male,88.0,No,Yes,97.0,Casual
202,20,Female,553.0,Yes,Yes,303.0,Hardcore
296,37,Male,111.0,No,No,60.0,Casual
1041,19,Male,87.0,Yes,No,99.0,Casual
344,24,Female,59.0,No,No,48.0,Casual
280,16,Male,78.0,No,Yes,9.0,Casual
178,30,Male,305.0,Yes,Yes,161.0,Hardcore
979,16,Female,56.0,Yes,No,45.0,Casual
1450,26,Male,253.0,Yes,Yes,210.0,Hardcore
1741,36,Male,450.0,Yes,No,114.0,Hardcore
1283,15,Female,186.0,Yes,Yes,421.0,Hardcore
453,30,Female,564.0,Yes,Yes,359.0,Hardcore
1603,31,Male,550.0,Yes,Yes,469.0,Hardcore
458,23,Female,49.0,No,No,66.0,Casual
1623,33,Male,473.0,Yes,Yes,154.0,Hardcore
1581,34,Male,116.0,No,No,23.0,Casual
1867,26,Female,195.0,No,No,25.0,Casual
66,28,Male,50.0,No,No,40.0,Casual
975,41,Male,131.0,No,No,4.0,Casual
1346,38,Male,76.0,No,No,95.0,Casual
1125,35,Female,130.0,No,No,13.0,Casual
64,23,Male,285.0,Yes,Yes,459.0,Hardcore
1811,21,Female,419.0,Yes,Yes,151.0,Hardcore
1000,33,Female,44.0,No,No,78.0,Casual
173,17,Male,89.0,No,No,27.0,Casual
1348,23,Female,88.0,No,No,48.0,Casual
379,24,Female,425.0,Yes,Yes,262.0,Hardcore
1361,19,Male,86.0,No,No,100.0,Casual
982,15,Female,75.0,No,No,8.0,Casual
1981,34,Female,226.0,Yes,Yes,456.0,Hardcore
910,25,Male,465.0,Yes,Yes,493.0,Hardcore
787,35,Male,111.0,Yes,No,96.0,Casual
163,27,Female,279.0,Yes,Yes,258.0,Hardcore
1440,36,Male,85.0,Yes,No,5.0,Casual
899,20,Male,306.0,Yes,Yes,386.0,Hardcore
525,29,Male,442.0,Yes,Yes,340.0,Hardcore
1145,15,Female,279.0,Yes,Yes,410.0,Hardcore
1712,23,Male,458.0,Yes,Yes,428.0,Hardcore
1139,23,Female,76.0,No,No,23.0,Casual
1455,18,Male,59.0,No,No,42.0,Casual
606,36,Male,70.0,No,No,49.0,Casual
1301,15,Female,33.0,No,No,86.0,Casual
1404,23,Female,569.0,Yes,Yes,393.0,Hardcore
551,42,Male,96.0,No,No,53.0,Casual
792,22,Male,297.0,Yes,Yes,293.0,Hardcore
633,29,Male,445.0,Yes,Yes,497.0,Hardcore
1818,38,Male,163.0,Yes,Yes,479.0,Hardcore
422,36,Male,131.0,No,Yes,52.0,Casual
1086,15,Male,502.0,Yes,Yes,374.0,Hardcore
62,32,Female,78.0,No,No,42.0,Casual
1381,22,Male,142.0,No,No,63.0,Casual
849,15,Male,520.0,Yes,Yes,347.0,Hardcore
1954,18,Male,49.0,Yes,No,28.0,Casual
1217,32,Male,379.0,Yes,Yes,389.0,Hardcore
1051,19,Male,552.0,Yes,Yes,326.0,Hardcore
1643,43,Female,92.0,No,Yes,0.0,Casual
1399,35,Female,64.0,No,No,51.0,Casual
